job_no, job_date, start_time, end_time, timezone_name, case_no, job_type, status_name, scheduled_by_email, job_loc_name, job_loc_address, job_loc_city, job_loc_state, job_loc_zip,scheduling_notes_html, zoom_meeting_id, confirmation_notes_html, last_modified_at, last_modified_by, entered_at, entered_by
98684,2023-04-06,10:00:00,12:00:00,Eastern Standard Time,53363,Depo: Court Reporter Only,Turned In,,"Elizabeth Gallo Court Reporting, LLC","2900 Chamblee Tucker Road
Building 13",Atlanta,GA,30341,,,Court Reporter ONLY | **ALL parties to appear in-person**,2026-03-05 12:10:56.313000,36090,2023-04-06 12:57:53.413000,27562
132605,2025-12-18,13:30:00,15:30:00,Eastern Standard Time,73032,Depo: Court Reporter Only,Back Order,,Morgan & Morgan - Atlanta,"191 Peachtree Street, NE
Suite 4200",Atlanta,GA,30303-1748,,,Court Reporter ONLY | **ALL parties to appear in-person**,2026-03-05 14:00:43.423000,33329,2025-12-03 09:54:57.030000,43151
133354,2026-02-12,08:30:00,12:00:00,Eastern Standard Time,73472,"Depo: Reporter, Videographer",Shipped,,Newton County Judicial Center,1132 Usher Street,Covington,GA,30014,,,<br>Court Reporter &amp; Videographer | **ALL parties to appear in-person**<br><br><br>,2026-03-03 11:25:35.327000,33329,2025-12-26 09:23:57.587000,43871
134019,2026-03-06,10:00:00,12:00:00,Eastern Standard Time,73846,"VTC: Reporter, Interpreter",Confirmed,,ALL parties to attend remotely via Zoom,"(ALL attendees are to appear remotely)	
GLS did not set up the Zoom link.
",REMOTE,,,Interpreter: Salomon Perez,,"Remote Court Reporter &amp; Spanish Interpreter |&nbsp;&nbsp;All parties to attend remotely<br><br><span style=""background-color:#ffff00;"">GLS did not set up the Zoom link&nbsp;</span><br><br>ZOOM link for ALL parties to appear remotely:<br><br>Join Zoom Meeting<br>https://us02web.zoom.us/j/82664183369?pwd=9Fd0z0cwYYR5FbcEkOR8ZJZvgkaHxM.1<br>Meeting ID: 826 6418 3369<br>Passcode: 655305<br><br>",2026-03-05 14:35:45.190000,43151,2026-01-14 11:28:05.407000,43151
134022,2026-01-21,12:00:00,17:00:00,Eastern Standard Time,70249,"Cross-Depo: Reporter, Interpreter",Back Order,,GalloMeet Web Conferencing - Maple Boardroom,All attendees appearing remotely.,REMOTE,,,<strong>Spanish Interpreter needed only for the 3pm deposition of Eduardo Guevara Pinto</strong>,,"<strong><span style=""background-color:#ffff00;"">Cross-depositions: The court reporter will take down the plaintiff and defendant's depositions, and bill accordingly.</span></strong><br><strong><span style=""background-color:#ffff00;""><br>Remote Court Reporter and Interpreter|&nbsp;&nbsp;All parties to attend remotely</span></strong><br><br><strong>Language: Spanish.&nbsp; Interpreter only for 3pm deposition of Eduardo Guevara Pinto</strong><br><br>ZOOM link for ALL parties to appear remotely:<br><br>Join from PC, Mac, Linux, iOS or Android: https://gallo-legal.zoom.us/j/83498920273?pwd=yp3EOyAQP5v7G5afQ64BEK0hupXvMS.1<br>&nbsp;&nbsp;&nbsp;&nbsp;Password: 799184<br><br>or&nbsp;<br><br>Visit https://gallo-legal.zoom.us/<br>Click ""Join Meeting""<br>Enter Meeting ID: 834 9892 0273<br><br>&nbsp;&nbsp;&nbsp;&nbsp;Password: 799184<br>&nbsp;<br>Or iPhone one-tap:&nbsp;&nbsp;16469313860,83498920273# or 13017158592,83498920273#<br><br>Or Telephone&nbsp;&nbsp;(Mute PC to avoid feedback if using telephone for audio and computer for video.):<br>&nbsp;&nbsp;&nbsp;&nbsp;Dial: +1 646 931 3860 (US Toll) or +1 301 715 8592 (US Toll)<br>&nbsp;&nbsp;&nbsp;&nbsp;888 788 0099 (US Toll Free)<br>&nbsp;&nbsp;&nbsp;&nbsp;833 548 0276 (US Toll Free)<br>&nbsp;&nbsp;&nbsp;&nbsp;833 548 0282 (US Toll Free)<br>&nbsp;&nbsp;&nbsp;&nbsp;877 853 5247 (US Toll Free)<br>&nbsp;&nbsp;&nbsp;&nbsp;Meeting ID: 834 9892 0273&nbsp;<br>",2026-03-05 08:48:40.840000,41829,2026-01-14 11:37:11.580000,43151
134717,2026-03-05,13:00:00,16:00:00,Eastern Standard Time,75029,"VTC: Reporter, Interpreter",Confirmed,,GalloMeet Web Conferencing - Red Beech Boardroom,All attendees appearing remotely.,REMOTE,,,,,"Remote Court Reporter &amp; Interpreter | All parties to attend remotely<br><br>Language: Spanish<br><br>ZOOM link for ALL parties to appear remotely:<br><br>Join from PC, Mac, Linux, iOS or Android: https://gallo-legal.zoom.us/j/85196624806?pwd=NAhZ7K4LVAW1W34gKCYMP4jO1iTBW5.1<br>&nbsp;&nbsp;&nbsp;&nbsp;Password: 424771<br><br>or&nbsp;<br><br>Visit https://gallo-legal.zoom.us/<br>Click ""Join Meeting""<br>Enter Meeting ID: 851 9662 4806<br><br>&nbsp;&nbsp;&nbsp;&nbsp;Password: 424771<br>&nbsp;<br>Or iPhone one-tap:&nbsp;&nbsp;13092053325,85196624806# or 13126266799,85196624806#<br><br>Or Telephone&nbsp;&nbsp;(Mute PC to avoid feedback if using telephone for audio and computer for video.):<br>&nbsp;&nbsp;&nbsp;&nbsp;Dial: +1 309 205 3325 (US Toll) or +1 312 626 6799 (US Toll)<br>&nbsp;&nbsp;&nbsp;&nbsp;877 853 5247 (US Toll Free)<br>&nbsp;&nbsp;&nbsp;&nbsp;888 788 0099 (US Toll Free)<br>&nbsp;&nbsp;&nbsp;&nbsp;833 548 0276 (US Toll Free)<br>&nbsp;&nbsp;&nbsp;&nbsp;833 548 0282 (US Toll Free)<br>&nbsp;&nbsp;&nbsp;&nbsp;Meeting ID: 851 9662 4806&nbsp;",2026-03-04 15:26:10.467000,44077,2026-01-29 09:31:24.860000,12494
134740,2026-05-07,10:00:00,13:00:00,Eastern Standard Time,74211,"VTC: Reporter, Interpreter",New,,GalloMeet Web Conferencing - Bamboo Boardroom,All attendees appearing remotely.,REMOTE,,,,,"Remote Court Reporter &amp; Interpreter | All parties to attend remotely<br><br>Language: Dari<br><br>ZOOM link for ALL parties to appear remotely:<br><br>Join from PC, Mac, Linux, iOS or Android: https://gallo-legal.zoom.us/j/86736646830?pwd=el2DIcO3jWHxWqyxojbbV8Bi4esbSx.1<br>&nbsp;&nbsp;&nbsp;&nbsp;Password: 022460<br><br>or&nbsp;<br><br>Visit https://gallo-legal.zoom.us/<br>Click ""Join Meeting""<br>Enter Meeting ID: 867 3664 6830<br><br>&nbsp;&nbsp;&nbsp;&nbsp;Password: 022460<br>&nbsp;<br>Or iPhone one-tap:&nbsp;&nbsp;13017158592,86736646830# or 13052241968,86736646830#<br><br>Or Telephone&nbsp;&nbsp;(Mute PC to avoid feedback if using telephone for audio and computer for video.):<br>&nbsp;&nbsp;&nbsp;&nbsp;Dial: +1 301 715 8592 (US Toll) or +1 305 224 1968 (US Toll)<br>&nbsp;&nbsp;&nbsp;&nbsp;877 853 5247 (US Toll Free)<br>&nbsp;&nbsp;&nbsp;&nbsp;888 788 0099 (US Toll Free)<br>&nbsp;&nbsp;&nbsp;&nbsp;833 548 0276 (US Toll Free)<br>&nbsp;&nbsp;&nbsp;&nbsp;833 548 0282 (US Toll Free)<br>&nbsp;&nbsp;&nbsp;&nbsp;Meeting ID: 867 3664 6830&nbsp;",2026-03-03 12:32:35.597000,44077,2026-01-29 11:27:50.697000,37784
135017,2026-03-04,11:00:00,13:00:00,Eastern Standard Time,74374,"VTC: Reporter, Videographer",Confirmed,,GalloMeet Web Conferencing - Cedar Boardroom,All attendees appearing remotely.,REMOTE,,,,,"Remote Court Reporter &amp; Videographer |&nbsp;&nbsp;All parties to attend remotely<br><br>ZOOM link for ALL parties to appear remotely:<br><br>Join from PC, Mac, Linux, iOS or Android: https://gallo-legal.zoom.us/j/87305858711?pwd=WSgLjXwdsALYzNmpaOFSoeH4AaIz3v.1<br>&nbsp;&nbsp;&nbsp;&nbsp;Password: 921916<br><br>or&nbsp;<br><br>Visit https://gallo-legal.zoom.us/<br>Click ""Join Meeting""<br>Enter Meeting ID: 873 0585 8711<br><br>&nbsp;&nbsp;&nbsp;&nbsp;Password: 921916<br>&nbsp;<br>Or iPhone one-tap:&nbsp;&nbsp;13052241968,87305858711# or 13092053325,87305858711#<br><br>Or Telephone&nbsp;&nbsp;(Mute PC to avoid feedback if using telephone for audio and computer for video.):<br>&nbsp;&nbsp;&nbsp;&nbsp;Dial: +1 305 224 1968 (US Toll) or +1 309 205 3325 (US Toll)<br>&nbsp;&nbsp;&nbsp;&nbsp;833 548 0282 (US Toll Free)<br>&nbsp;&nbsp;&nbsp;&nbsp;877 853 5247 (US Toll Free)<br>&nbsp;&nbsp;&nbsp;&nbsp;888 788 0099 (US Toll Free)<br>&nbsp;&nbsp;&nbsp;&nbsp;833 548 0276 (US Toll Free)<br>&nbsp;&nbsp;&nbsp;&nbsp;Meeting ID: 873 0585 8711&nbsp;",2026-03-03 15:15:08.727000,37784,2026-02-04 12:08:03.623000,43151
135271,2026-02-25,09:00:00,17:00:00,Eastern Standard Time,74494,Cross-Depo: Court Reporter Only,Back Order,,Buckhead Family Law,"No. 18, 3017 Bolling Way NE
First Floor",Atlanta,GA,30305,,,"Cross-depositions: The court reporter will take down the plaintiff and defendant's depositions, and bill accordingly.<br>",2026-03-05 10:08:40.773000,41829,2026-02-09 13:08:06.700000,37784
135502,2026-03-11,10:00:00,12:00:00,Eastern Standard Time,73923,"VTC: Reporter, Interpreter",New,,GalloMeet Web Conferencing - Buckeye Boardroom,All attendees appearing remotely.,REMOTE,,,,,"Remote Court Reporter &amp; Spanish Interpreter |&nbsp;&nbsp;All parties to attend remotely<br><br>ZOOM link for ALL parties to appear remotely:<br><br>Join from PC, Mac, Linux, iOS or Android: https://gallo-legal.zoom.us/j/89169430550?pwd=cpzI4YQAcOdYGB0kicPkbmuParHIb0.1<br>&nbsp;&nbsp;&nbsp;&nbsp;Password: 010109<br><br>or&nbsp;<br><br>Visit https://gallo-legal.zoom.us/<br>Click ""Join Meeting""<br>Enter Meeting ID: 891 6943 0550<br><br>&nbsp;&nbsp;&nbsp;&nbsp;Password: 010109<br>&nbsp;<br>Or iPhone one-tap:&nbsp;&nbsp;16468769923,89169430550# or 16469313860,89169430550#<br><br>Or Telephone&nbsp;&nbsp;(Mute PC to avoid feedback if using telephone for audio and computer for video.):<br>&nbsp;&nbsp;&nbsp;&nbsp;Dial: +1 646 876 9923 (US Toll) or +1 646 931 3860 (US Toll)<br>&nbsp;&nbsp;&nbsp;&nbsp;877 853 5247 (US Toll Free)<br>&nbsp;&nbsp;&nbsp;&nbsp;888 788 0099 (US Toll Free)<br>&nbsp;&nbsp;&nbsp;&nbsp;833 548 0276 (US Toll Free)<br>&nbsp;&nbsp;&nbsp;&nbsp;833 548 0282 (US Toll Free)<br>&nbsp;&nbsp;&nbsp;&nbsp;Meeting ID: 891 6943 0550&nbsp;",2026-03-03 12:06:15.860000,43151,2026-02-12 13:23:52.620000,37784
135546,2026-02-19,10:00:00,12:00:00,Eastern Standard Time,74311,VTC: Court Reporter,Confirmed,,GalloMeet Web Conferencing - Beech Boardroom,All attendees appearing remotely.,REMOTE,,,,,"Remote Court Reporter Only |&nbsp;&nbsp;All parties to attend remotely<br><br>ZOOM link for ALL parties to appear remotely:&nbsp;<br><br>Join from PC, Mac, Linux, iOS or Android: https://gallo-legal.zoom.us/j/86799777787?pwd=YZgEbujKAEqnJRnlu65AnCpKbnPI83.1<br>&nbsp;&nbsp;&nbsp;&nbsp;Password: 487797<br><br>or&nbsp;<br><br>Visit https://gallo-legal.zoom.us/<br>Click ""Join Meeting""<br>Enter Meeting ID: 867 9977 7787<br><br>&nbsp;&nbsp;&nbsp;&nbsp;Password: 487797<br>&nbsp;<br>Or iPhone one-tap:&nbsp;&nbsp;16469313860,86799777787# or 13017158592,86799777787#<br><br>Or Telephone&nbsp;&nbsp;(Mute PC to avoid feedback if using telephone for audio and computer for video.):<br>&nbsp;&nbsp;&nbsp;&nbsp;Dial: +1 646 931 3860 (US Toll) or +1 301 715 8592 (US Toll)<br>&nbsp;&nbsp;&nbsp;&nbsp;833 548 0282 (US Toll Free)<br>&nbsp;&nbsp;&nbsp;&nbsp;877 853 5247 (US Toll Free)<br>&nbsp;&nbsp;&nbsp;&nbsp;888 788 0099 (US Toll Free)<br>&nbsp;&nbsp;&nbsp;&nbsp;833 548 0276 (US Toll Free)<br>&nbsp;&nbsp;&nbsp;&nbsp;Meeting ID: 867 9977 7787&nbsp;<br>",2026-03-05 15:06:30.200000,35869,2026-02-13 11:32:24.440000,44077
136017,2026-03-05,10:00:00,17:00:00,Eastern Standard Time,74904,VTC: Court Reporter,Confirmed,,GalloMeet Web Conferencing - Pine Boardroom,All attendees appearing remotely.,REMOTE,,,Please copy gstarling@radfordscott.com and jholton@radfordscott.com on all communications related to this request.,,"Please copy gstarling@radfordscott.com and jholton@radfordscott.com on all communications related to this request.<br><br>Remote Court Reporter Only |&nbsp;&nbsp;All parties to attend remotely<br><br>ZOOM link for ALL parties to appear remotely:<br><br>Join from PC, Mac, Linux, iOS or Android: https://gallo-legal.zoom.us/j/84378354415?pwd=dv911Q9WJIjgXpBqTh8ShfWaGnn1mS.1<br>&nbsp;&nbsp;&nbsp;&nbsp;Password: 990962<br><br>or&nbsp;<br><br>Visit https://gallo-legal.zoom.us/<br>Click ""Join Meeting""<br>Enter Meeting ID: 843 7835 4415<br><br>&nbsp;&nbsp;&nbsp;&nbsp;Password: 990962<br>&nbsp;<br>Or iPhone one-tap:&nbsp;&nbsp;16469313860,84378354415# or 13017158592,84378354415#<br><br>Or Telephone&nbsp;&nbsp;(Mute PC to avoid feedback if using telephone for audio and computer for video.):<br>&nbsp;&nbsp;&nbsp;&nbsp;Dial: +1 646 931 3860 (US Toll) or +1 301 715 8592 (US Toll)<br>&nbsp;&nbsp;&nbsp;&nbsp;833 548 0282 (US Toll Free)<br>&nbsp;&nbsp;&nbsp;&nbsp;877 853 5247 (US Toll Free)<br>&nbsp;&nbsp;&nbsp;&nbsp;888 788 0099 (US Toll Free)<br>&nbsp;&nbsp;&nbsp;&nbsp;833 548 0276 (US Toll Free)<br>&nbsp;&nbsp;&nbsp;&nbsp;Meeting ID: 843 7835 4415&nbsp;<br>",2026-03-05 08:10:24.683000,37784,2026-02-24 15:57:45.660000,42477
136030,2026-03-06,10:00:00,12:00:00,Eastern Standard Time,71226,Depo: Court Reporter Only,Confirmed,,Atlanta City Hall,"55 Trinity Avenue, S.W.",Atlanta,GA,30303,,,Court Reporter ONLY | **ALL parties to appear in-person**<br>,2026-03-05 12:33:17.530000,43151,2026-02-25 08:34:47.250000,42947
136037,2026-03-02,10:00:00,12:00:00,Eastern Standard Time,74912,VTC: Court Reporter,Confirmed,,GalloMeet Web Conferencing - Mahogany Boardroom,All attendees appearing remotely.,REMOTE,,,,,"Remote Court Reporter Only |&nbsp;&nbsp;All parties to attend remotely<br><br>ZOOM link for ALL parties to appear remotely:<br><br>Join from PC, Mac, Linux, iOS or Android: https://gallo-legal.zoom.us/j/87405210532?pwd=X24DQV14lry2ValiHRzf01WsjFsA3E.1<br>&nbsp;&nbsp;&nbsp;&nbsp;Password: 735872<br><br>or&nbsp;<br><br>Visit https://gallo-legal.zoom.us/<br>Click ""Join Meeting""<br>Enter Meeting ID: 874 0521 0532<br><br>&nbsp;&nbsp;&nbsp;&nbsp;Password: 735872<br>&nbsp;<br>Or iPhone one-tap:&nbsp;&nbsp;13092053325,87405210532# or 13126266799,87405210532#<br><br>Or Telephone&nbsp;&nbsp;(Mute PC to avoid feedback if using telephone for audio and computer for video.):<br>&nbsp;&nbsp;&nbsp;&nbsp;Dial: +1 309 205 3325 (US Toll) or +1 312 626 6799 (US Toll)<br>&nbsp;&nbsp;&nbsp;&nbsp;833 548 0276 (US Toll Free)<br>&nbsp;&nbsp;&nbsp;&nbsp;833 548 0282 (US Toll Free)<br>&nbsp;&nbsp;&nbsp;&nbsp;877 853 5247 (US Toll Free)<br>&nbsp;&nbsp;&nbsp;&nbsp;888 788 0099 (US Toll Free)<br>&nbsp;&nbsp;&nbsp;&nbsp;Meeting ID: 874 0521 0532&nbsp;",2026-03-02 12:57:19.530000,37784,2026-02-25 09:33:46.040000,43871
136210,2026-03-19,10:00:00,16:00:00,Eastern Standard Time,74431,"VTC: Reporter, Interpreter",New,,GalloMeet Web Conferencing - Willow Boardroom	,All attendees appearing remotely.,REMOTE,,,,,"<span style=""color:#ff0000;background-color:#fff2cc;"">INTERPRETER ONLY FOR FERNANDO SALOMON AT 1PM</span><br><br>Remote Court Reporter &amp; Interpreter | All parties to attend remotely<br><br>Language: Spanish&nbsp;<br><br>ZOOM link for ALL parties to appear remotely:<br><br>Join from PC, Mac, Linux, iOS or Android: https://gallo-legal.zoom.us/j/87923532343?pwd=ZMouLuJph41BCJJ6ULC0GCBKJaxVh1.1<br>&nbsp;&nbsp;&nbsp;&nbsp;Password: 788580<br><br>or&nbsp;<br><br>Visit https://gallo-legal.zoom.us/<br>Click ""Join Meeting""<br>Enter Meeting ID: 879 2353 2343<br><br>&nbsp;&nbsp;&nbsp;&nbsp;Password: 788580<br>&nbsp;<br>Or iPhone one-tap:&nbsp;&nbsp;16469313860,87923532343# or 13017158592,87923532343#<br><br>Or Telephone&nbsp;&nbsp;(Mute PC to avoid feedback if using telephone for audio and computer for video.):<br>&nbsp;&nbsp;&nbsp;&nbsp;Dial: +1 646 931 3860 (US Toll) or +1 301 715 8592 (US Toll)<br>&nbsp;&nbsp;&nbsp;&nbsp;833 548 0282 (US Toll Free)<br>&nbsp;&nbsp;&nbsp;&nbsp;877 853 5247 (US Toll Free)<br>&nbsp;&nbsp;&nbsp;&nbsp;888 788 0099 (US Toll Free)<br>&nbsp;&nbsp;&nbsp;&nbsp;833 548 0276 (US Toll Free)<br>&nbsp;&nbsp;&nbsp;&nbsp;Meeting ID: 879 2353 2343&nbsp;<br>Rescheduled from 3/3/2026",2026-03-05 11:12:25.747000,44077,2026-03-02 08:02:27.133000,37784
136252,2026-03-04,10:00:00,13:00:00,Eastern Standard Time,75017,VTC: Court Reporter,Cancelled,,GalloMeet Web Conferencing - Dogwood Boardroom,All attendees appearing remotely.,REMOTE,,,,,"Remote Court Reporter Only |&nbsp;&nbsp;All parties to attend remotely<br><br>ZOOM link for ALL parties to appear remotely:<br><br>Join from PC, Mac, Linux, iOS or Android: https://gallo-legal.zoom.us/j/82431481682?pwd=Zb1sgnvCAsRlahWz2cYOuJkmaLqRal.1<br>&nbsp;&nbsp;&nbsp;&nbsp;Password: 232902<br><br>or&nbsp;<br><br>Visit https://gallo-legal.zoom.us/<br>Click ""Join Meeting""<br>Enter Meeting ID: 824 3148 1682<br><br>&nbsp;&nbsp;&nbsp;&nbsp;Password: 232902<br>&nbsp;<br>Or iPhone one-tap:&nbsp;&nbsp;16468769923,82431481682# or 16469313860,82431481682#<br><br>Or Telephone&nbsp;&nbsp;(Mute PC to avoid feedback if using telephone for audio and computer for video.):<br>&nbsp;&nbsp;&nbsp;&nbsp;Dial: +1 646 876 9923 (US Toll) or +1 646 931 3860 (US Toll)<br>&nbsp;&nbsp;&nbsp;&nbsp;877 853 5247 (US Toll Free)<br>&nbsp;&nbsp;&nbsp;&nbsp;888 788 0099 (US Toll Free)<br>&nbsp;&nbsp;&nbsp;&nbsp;833 548 0276 (US Toll Free)<br>&nbsp;&nbsp;&nbsp;&nbsp;833 548 0282 (US Toll Free)<br>&nbsp;&nbsp;&nbsp;&nbsp;Meeting ID: 824 3148 1682&nbsp;",2026-03-03 15:19:01.367000,37784,2026-03-02 14:33:25.973000,44077
136253,2026-03-10,11:00:00,15:00:00,Eastern Standard Time,75018,VTC: Court Reporter,New,,GalloMeet Web Conferencing - Willow Boardroom	,All attendees appearing remotely.,REMOTE,,,,,"Remote Court Reporter Only |&nbsp;&nbsp;All parties to attend remotely<br><br>ZOOM link for ALL parties to appear remotely:&nbsp;<br><br>Join from PC, Mac, Linux, iOS or Android: https://gallo-legal.zoom.us/j/85626664063?pwd=b4RxvaOA8fqtxVlrCmnJjBa8P3as9m.1<br>&nbsp;&nbsp;&nbsp;&nbsp;Password: 910682<br><br>or&nbsp;<br><br>Visit https://gallo-legal.zoom.us/<br>Click ""Join Meeting""<br>Enter Meeting ID: 856 2666 4063<br><br>&nbsp;&nbsp;&nbsp;&nbsp;Password: 910682<br>&nbsp;<br>Or iPhone one-tap:&nbsp;&nbsp;16469313860,85626664063# or 13017158592,85626664063#<br><br>Or Telephone&nbsp;&nbsp;(Mute PC to avoid feedback if using telephone for audio and computer for video.):<br>&nbsp;&nbsp;&nbsp;&nbsp;Dial: +1 646 931 3860 (US Toll) or +1 301 715 8592 (US Toll)<br>&nbsp;&nbsp;&nbsp;&nbsp;833 548 0282 (US Toll Free)<br>&nbsp;&nbsp;&nbsp;&nbsp;877 853 5247 (US Toll Free)<br>&nbsp;&nbsp;&nbsp;&nbsp;888 788 0099 (US Toll Free)<br>&nbsp;&nbsp;&nbsp;&nbsp;833 548 0276 (US Toll Free)<br>&nbsp;&nbsp;&nbsp;&nbsp;Meeting ID: 856 2666 4063&nbsp;<br>",2026-03-02 14:51:46.760000,43151,2026-03-02 14:39:45.153000,43151
136256,2026-03-03,13:00:00,15:00:00,Eastern Standard Time,74818,VTC: Court Reporter,Billed,,GalloMeet Web Conferencing - Bamboo Boardroom,All attendees appearing remotely.,REMOTE,,,,,"Remote Court Reporter Only |&nbsp;&nbsp;All parties to attend remotely<br><br>ZOOM link for ALL parties to appear remotely:<br><br>Join from PC, Mac, Linux, iOS or Android: https://gallo-legal.zoom.us/j/87571884845?pwd=srwIojdMy3FJbfxVGGQnvGHmYdxUEb.1<br>&nbsp;&nbsp;&nbsp;&nbsp;Password: 061129<br><br>or&nbsp;<br><br>Visit https://gallo-legal.zoom.us/<br>Click ""Join Meeting""<br>Enter Meeting ID: 875 7188 4845<br><br>&nbsp;&nbsp;&nbsp;&nbsp;Password: 061129<br>&nbsp;<br>Or iPhone one-tap:&nbsp;&nbsp;13052241968,87571884845# or 13092053325,87571884845#<br><br>Or Telephone&nbsp;&nbsp;(Mute PC to avoid feedback if using telephone for audio and computer for video.):<br>&nbsp;&nbsp;&nbsp;&nbsp;Dial: +1 305 224 1968 (US Toll) or +1 309 205 3325 (US Toll)<br>&nbsp;&nbsp;&nbsp;&nbsp;888 788 0099 (US Toll Free)<br>&nbsp;&nbsp;&nbsp;&nbsp;833 548 0276 (US Toll Free)<br>&nbsp;&nbsp;&nbsp;&nbsp;833 548 0282 (US Toll Free)<br>&nbsp;&nbsp;&nbsp;&nbsp;877 853 5247 (US Toll Free)<br>&nbsp;&nbsp;&nbsp;&nbsp;Meeting ID: 875 7188 4845&nbsp;",2026-03-04 14:33:59.670000,35869,2026-03-02 15:04:26.703000,37784
136257,2026-03-06,13:00:00,15:00:00,Eastern Standard Time,73925,"VTC: Reporter, Videographer",Confirmed,,GalloMeet Web Conferencing - Aspen Boardroom,All attendees appearing remotely.,REMOTE,,,,,"Remote Court Reporter &amp; Videographer | All parties to attend remotely<br><br>ZOOM link for ALL parties to appear remotely:<br><br>Join from PC, Mac, Linux, iOS or Android: https://gallo-legal.zoom.us/j/85889492949?pwd=RH2XYSeTtv8hCK7OmzXeYqCx3hUHUd.1<br>&nbsp;&nbsp;&nbsp;&nbsp;Password: 418944<br><br>or&nbsp;<br><br>Visit https://gallo-legal.zoom.us/<br>Click ""Join Meeting""<br>Enter Meeting ID: 858 8949 2949<br><br>&nbsp;&nbsp;&nbsp;&nbsp;Password: 418944<br>&nbsp;<br>Or iPhone one-tap:&nbsp;&nbsp;13126266799,85889492949# or 16468769923,85889492949#<br><br>Or Telephone&nbsp;&nbsp;(Mute PC to avoid feedback if using telephone for audio and computer for video.):<br>&nbsp;&nbsp;&nbsp;&nbsp;Dial: +1 312 626 6799 (US Toll) or +1 646 876 9923 (US Toll)<br>&nbsp;&nbsp;&nbsp;&nbsp;888 788 0099 (US Toll Free)<br>&nbsp;&nbsp;&nbsp;&nbsp;833 548 0276 (US Toll Free)<br>&nbsp;&nbsp;&nbsp;&nbsp;833 548 0282 (US Toll Free)<br>&nbsp;&nbsp;&nbsp;&nbsp;877 853 5247 (US Toll Free)<br>&nbsp;&nbsp;&nbsp;&nbsp;Meeting ID: 858 8949 2949&nbsp;",2026-03-05 08:20:36.087000,37784,2026-03-02 15:21:36.890000,44077
136258,2026-03-05,11:00:00,13:00:00,Eastern Standard Time,75021,Depo: Court Reporter Only,Confirmed,,"Copeland, Stair, Valz & Lovell, LLP - Atlanta","191 Peachtree Street, NE
Peachtree Tower, Suite 3600",Atlanta,GA,30303-1740,,,Court Reporter ONLY | **ALL parties to appear in-person**,2026-03-04 14:22:24.680000,43151,2026-03-02 15:32:09.393000,44077
136259,2026-03-25,15:30:00,17:30:00,Eastern Standard Time,74723,"VTC: Reporter, Interpreter",New,,GalloMeet Web Conferencing - Pine Boardroom,All attendees appearing remotely.,REMOTE,,,,,"Remote Court Reporter &amp; Spanish Interpreter |&nbsp;&nbsp;All parties to attend remotely<br><br>ZOOM link for ALL parties to appear remotely:<br>Join from PC, Mac, Linux, iOS or Android: https://gallo-legal.zoom.us/j/82107155387?pwd=abbNdzdbtvYFmrcMfCotsiAyaVtFDG.1<br>&nbsp;&nbsp;&nbsp;&nbsp;Password: 543201<br><br>or&nbsp;<br><br>Visit https://gallo-legal.zoom.us/<br>Click ""Join Meeting""<br>Enter Meeting ID: 821 0715 5387<br><br>&nbsp;&nbsp;&nbsp;&nbsp;Password: 543201<br>&nbsp;<br>Or iPhone one-tap:&nbsp;&nbsp;13052241968,82107155387# or 13092053325,82107155387#<br><br>Or Telephone&nbsp;&nbsp;(Mute PC to avoid feedback if using telephone for audio and computer for video.):<br>&nbsp;&nbsp;&nbsp;&nbsp;Dial: +1 305 224 1968 (US Toll) or +1 309 205 3325 (US Toll)<br>&nbsp;&nbsp;&nbsp;&nbsp;833 548 0282 (US Toll Free)<br>&nbsp;&nbsp;&nbsp;&nbsp;877 853 5247 (US Toll Free)<br>&nbsp;&nbsp;&nbsp;&nbsp;888 788 0099 (US Toll Free)<br>&nbsp;&nbsp;&nbsp;&nbsp;833 548 0276 (US Toll Free)<br>&nbsp;&nbsp;&nbsp;&nbsp;Meeting ID: 821 0715 5387&nbsp;",2026-03-03 10:32:13.910000,43871,2026-03-02 15:43:26.127000,44077
136260,2026-03-12,10:00:00,12:00:00,Eastern Standard Time,73500,VTC: Court Reporter,New,,GalloMeet Web Conferencing - Sassafras Boardroom,All attendees appearing remotely.,REMOTE,,,,,"Remote Court Reporter Only |&nbsp;&nbsp;All parties to attend remotely<br><br>ZOOM link for ALL parties to appear remotely:<br><br>Join from PC, Mac, Linux, iOS or Android: https://gallo-legal.zoom.us/j/81933467847?pwd=CqbjvF6R1GTeXWQXUzcwJQaCIthKLS.1<br>&nbsp;&nbsp;&nbsp;&nbsp;Password: 614787<br><br>or&nbsp;<br><br>Visit https://gallo-legal.zoom.us/<br>Click ""Join Meeting""<br>Enter Meeting ID: 819 3346 7847<br><br>&nbsp;&nbsp;&nbsp;&nbsp;Password: 614787<br>&nbsp;<br>Or iPhone one-tap:&nbsp;&nbsp;13126266799,81933467847# or 16468769923,81933467847#<br><br>Or Telephone&nbsp;&nbsp;(Mute PC to avoid feedback if using telephone for audio and computer for video.):<br>&nbsp;&nbsp;&nbsp;&nbsp;Dial: +1 312 626 6799 (US Toll) or +1 646 876 9923 (US Toll)<br>&nbsp;&nbsp;&nbsp;&nbsp;833 548 0282 (US Toll Free)<br>&nbsp;&nbsp;&nbsp;&nbsp;877 853 5247 (US Toll Free)<br>&nbsp;&nbsp;&nbsp;&nbsp;888 788 0099 (US Toll Free)<br>&nbsp;&nbsp;&nbsp;&nbsp;833 548 0276 (US Toll Free)<br>&nbsp;&nbsp;&nbsp;&nbsp;Meeting ID: 819 3346 7847&nbsp;",2026-03-02 15:55:18.203000,43151,2026-03-02 15:44:55.757000,43151
136261,2026-03-20,10:30:00,11:30:00,Eastern Standard Time,73519,"VTC: Reporter, Interpreter",New,,GalloMeet Web Conferencing - Almond Boardroom,All attendees appearing remotely.,REMOTE,,,Interpreter: Manuel V,,"Remote Court Reporter &amp; Spanish Interpreter |&nbsp;&nbsp;All parties to attend remotely<br><br>ZOOM link for ALL parties to appear remotely:<br><br>Join from PC, Mac, Linux, iOS or Android: https://gallo-legal.zoom.us/j/85884874541?pwd=sHpeakGf4h10a1abLjaf6DtpdKVKgk.1<br>&nbsp;&nbsp;&nbsp;&nbsp;Password: 679805<br><br>or&nbsp;<br><br>Visit https://gallo-legal.zoom.us/<br>Click ""Join Meeting""<br>Enter Meeting ID: 858 8487 4541<br><br>&nbsp;&nbsp;&nbsp;&nbsp;Password: 679805<br>&nbsp;<br>Or iPhone one-tap:&nbsp;&nbsp;13052241968,85884874541# or 13092053325,85884874541#<br><br>Or Telephone&nbsp;&nbsp;(Mute PC to avoid feedback if using telephone for audio and computer for video.):<br>&nbsp;&nbsp;&nbsp;&nbsp;Dial: +1 305 224 1968 (US Toll) or +1 309 205 3325 (US Toll)<br>&nbsp;&nbsp;&nbsp;&nbsp;888 788 0099 (US Toll Free)<br>&nbsp;&nbsp;&nbsp;&nbsp;833 548 0276 (US Toll Free)<br>&nbsp;&nbsp;&nbsp;&nbsp;833 548 0282 (US Toll Free)<br>&nbsp;&nbsp;&nbsp;&nbsp;877 853 5247 (US Toll Free)<br>&nbsp;&nbsp;&nbsp;&nbsp;Meeting ID: 858 8487 4541&nbsp;",2026-03-03 13:04:53.537000,43151,2026-03-02 15:59:50.993000,43151
136262,2026-03-10,10:00:00,13:00:00,Eastern Standard Time,69955,Depo: Court Reporter Only,New,,"DeLong, Caldwell, Bridgers, Fitzpatrick & Benjamin, LLC", 1425-A Dutch Valley Pl NE,Atlanta,GA,30324,,,GLS to provide in-person Court Reporter ONLY on behalf of IST Reporting - Job #6141<br>,2026-03-02 16:07:27.753000,44077,2026-03-02 16:05:53.267000,44077
136265,2026-03-04,14:00:00,16:00:00,Eastern Standard Time,68930,"VTC: Reporter, Videographer",Billed,,GalloMeet Web Conferencing - Red Beech Boardroom,All attendees appearing remotely.,REMOTE,,,,,"Remote Court Reporter and Videographer Only |&nbsp;&nbsp;All parties to attend remotely<br><br>ZOOM link for ALL parties to appear remotely:<br><br>Join from PC, Mac, Linux, iOS or Android: https://gallo-legal.zoom.us/j/82436352478?pwd=bO0oFgxwOkAbWYSYOtJMgNE3co9q22.1<br>&nbsp;&nbsp;&nbsp;&nbsp;Password: 586900<br><br>or&nbsp;<br><br>Visit https://gallo-legal.zoom.us/<br>Click ""Join Meeting""<br>Enter Meeting ID: 824 3635 2478<br><br>&nbsp;&nbsp;&nbsp;&nbsp;Password: 586900<br>&nbsp;<br>Or iPhone one-tap:&nbsp;&nbsp;13092053325,82436352478# or 13126266799,82436352478#<br><br>Or Telephone&nbsp;&nbsp;(Mute PC to avoid feedback if using telephone for audio and computer for video.):<br>&nbsp;&nbsp;&nbsp;&nbsp;Dial: +1 309 205 3325 (US Toll) or +1 312 626 6799 (US Toll)<br>&nbsp;&nbsp;&nbsp;&nbsp;877 853 5247 (US Toll Free)<br>&nbsp;&nbsp;&nbsp;&nbsp;888 788 0099 (US Toll Free)<br>&nbsp;&nbsp;&nbsp;&nbsp;833 548 0276 (US Toll Free)<br>&nbsp;&nbsp;&nbsp;&nbsp;833 548 0282 (US Toll Free)<br>&nbsp;&nbsp;&nbsp;&nbsp;Meeting ID: 824 3635 2478&nbsp;",2026-03-04 16:44:09.720000,35869,2026-03-03 09:14:06.230000,44077
136267,2026-03-04,10:00:00,12:00:00,Eastern Standard Time,75025,VTC: Court Reporter,Cancelled,,GalloMeet Web Conferencing - Aspen Boardroom,All attendees appearing remotely.,REMOTE,,,,,"Remote Court Reporter Only |&nbsp;&nbsp;All parties to attend remotely<br><br>ZOOM link for ALL parties to appear remotely:<br><br>Join from PC, Mac, Linux, iOS or Android: https://gallo-legal.zoom.us/j/86199240607?pwd=G9n10n5ePxwuxdVabg9c2m4DVhLxac.1<br>&nbsp;&nbsp;&nbsp;&nbsp;Password: 681081<br><br>or&nbsp;<br><br>Visit https://gallo-legal.zoom.us/<br>Click ""Join Meeting""<br>Enter Meeting ID: 861 9924 0607<br><br>&nbsp;&nbsp;&nbsp;&nbsp;Password: 681081<br>&nbsp;<br>Or iPhone one-tap:&nbsp;&nbsp;16469313860,86199240607# or 13017158592,86199240607#<br><br>Or Telephone&nbsp;&nbsp;(Mute PC to avoid feedback if using telephone for audio and computer for video.):<br>&nbsp;&nbsp;&nbsp;&nbsp;Dial: +1 646 931 3860 (US Toll) or +1 301 715 8592 (US Toll)<br>&nbsp;&nbsp;&nbsp;&nbsp;833 548 0282 (US Toll Free)<br>&nbsp;&nbsp;&nbsp;&nbsp;877 853 5247 (US Toll Free)<br>&nbsp;&nbsp;&nbsp;&nbsp;888 788 0099 (US Toll Free)<br>&nbsp;&nbsp;&nbsp;&nbsp;833 548 0276 (US Toll Free)<br>&nbsp;&nbsp;&nbsp;&nbsp;Meeting ID: 861 9924 0607&nbsp;",2026-03-03 16:09:36.690000,37784,2026-03-03 09:27:36.697000,43151
136269,2026-03-04,13:30:00,16:30:00,Eastern Standard Time,71821,VTC: Court Reporter,Confirmed,,GalloMeet Web Conferencing - Magnolia Boardroom,All attendees appearing remotely.,REMOTE,,,,,"Remote Court Reporter Only |&nbsp;&nbsp;All parties to attend remotely<br><br>ZOOM link for ALL parties to appear remotely:<br><br>Join from PC, Mac, Linux, iOS or Android: https://gallo-legal.zoom.us/j/88107895907?pwd=TKLB5oIQLoWOtJpfItrUbuJ4twKqFa.1<br>&nbsp;&nbsp;&nbsp;&nbsp;Password: 628178<br><br>or&nbsp;<br><br>Visit https://gallo-legal.zoom.us/<br>Click ""Join Meeting""<br>Enter Meeting ID: 881 0789 5907<br><br>&nbsp;&nbsp;&nbsp;&nbsp;Password: 628178<br>&nbsp;<br>Or iPhone one-tap:&nbsp;&nbsp;13052241968,88107895907# or 13092053325,88107895907#<br><br>Or Telephone&nbsp;&nbsp;(Mute PC to avoid feedback if using telephone for audio and computer for video.):<br>&nbsp;&nbsp;&nbsp;&nbsp;Dial: +1 305 224 1968 (US Toll) or +1 309 205 3325 (US Toll)<br>&nbsp;&nbsp;&nbsp;&nbsp;833 548 0282 (US Toll Free)<br>&nbsp;&nbsp;&nbsp;&nbsp;877 853 5247 (US Toll Free)<br>&nbsp;&nbsp;&nbsp;&nbsp;888 788 0099 (US Toll Free)<br>&nbsp;&nbsp;&nbsp;&nbsp;833 548 0276 (US Toll Free)<br>&nbsp;&nbsp;&nbsp;&nbsp;Meeting ID: 881 0789 5907&nbsp;",2026-03-03 12:26:31.083000,37784,2026-03-03 09:30:45.567000,43871
136273,2026-03-12,10:00:00,12:00:00,Eastern Standard Time,75028,VTC: Court Reporter,New,,GalloMeet Web Conferencing - Hickory Boardroom,All attendees appearing remotely.,REMOTE,,,,,"Remote Court Reporter Only |&nbsp;&nbsp;All parties to attend remotely<br><br>ZOOM link for ALL parties to appear remotely:<br><br>Join from PC, Mac, Linux, iOS or Android: https://gallo-legal.zoom.us/j/82335419790?pwd=NcUYwFar5hZgl0RPYm09aacQghAELM.1<br>&nbsp;&nbsp;&nbsp;&nbsp;Password: 670065<br><br>or&nbsp;<br><br>Visit https://gallo-legal.zoom.us/<br>Click ""Join Meeting""<br>Enter Meeting ID: 823 3541 9790<br><br>&nbsp;&nbsp;&nbsp;&nbsp;Password: 670065<br>&nbsp;<br>Or iPhone one-tap:&nbsp;&nbsp;13017158592,82335419790# or 13052241968,82335419790#<br><br>Or Telephone&nbsp;&nbsp;(Mute PC to avoid feedback if using telephone for audio and computer for video.):<br>&nbsp;&nbsp;&nbsp;&nbsp;Dial: +1 301 715 8592 (US Toll) or +1 305 224 1968 (US Toll)<br>&nbsp;&nbsp;&nbsp;&nbsp;877 853 5247 (US Toll Free)<br>&nbsp;&nbsp;&nbsp;&nbsp;888 788 0099 (US Toll Free)<br>&nbsp;&nbsp;&nbsp;&nbsp;833 548 0276 (US Toll Free)<br>&nbsp;&nbsp;&nbsp;&nbsp;833 548 0282 (US Toll Free)<br>&nbsp;&nbsp;&nbsp;&nbsp;Meeting ID: 823 3541 9790&nbsp;",2026-03-03 09:47:30.197000,43871,2026-03-03 09:45:06.153000,43871
136275,2026-03-13,10:00:00,12:00:00,Eastern Standard Time,75030,VTC: Court Reporter,New,,GalloMeet Web Conferencing - Ebony Boardroom,All attendees appearing remotely.,REMOTE,,,,,"Remote Court Reporter Only |&nbsp;&nbsp;All parties to attend remotely<br><br>ZOOM link for ALL parties to appear remotely:<br><br>Join from PC, Mac, Linux, iOS or Android: https://gallo-legal.zoom.us/j/83710113301?pwd=ys2hbHxChZbsy9ZFBESspSXXa1uBdl.1<br>&nbsp;&nbsp;&nbsp;&nbsp;Password: 185391<br><br>or&nbsp;<br><br>Visit https://gallo-legal.zoom.us/<br>Click ""Join Meeting""<br>Enter Meeting ID: 837 1011 3301<br><br>&nbsp;&nbsp;&nbsp;&nbsp;Password: 185391<br>&nbsp;<br>Or iPhone one-tap:&nbsp;&nbsp;16469313860,83710113301# or 13017158592,83710113301#<br><br>Or Telephone&nbsp;&nbsp;(Mute PC to avoid feedback if using telephone for audio and computer for video.):<br>&nbsp;&nbsp;&nbsp;&nbsp;Dial: +1 646 931 3860 (US Toll) or +1 301 715 8592 (US Toll)<br>&nbsp;&nbsp;&nbsp;&nbsp;888 788 0099 (US Toll Free)<br>&nbsp;&nbsp;&nbsp;&nbsp;833 548 0276 (US Toll Free)<br>&nbsp;&nbsp;&nbsp;&nbsp;833 548 0282 (US Toll Free)<br>&nbsp;&nbsp;&nbsp;&nbsp;877 853 5247 (US Toll Free)<br>&nbsp;&nbsp;&nbsp;&nbsp;Meeting ID: 837 1011 3301&nbsp;",2026-03-03 10:01:05.700000,43151,2026-03-03 09:53:38.290000,43151
136279,2026-03-12,13:00:00,15:00:00,Eastern Standard Time,75034,VTC: Court Reporter,New,,GalloMeet Web Conferencing - Elm Boardroom	,All attendees appearing remotely.,REMOTE,,,,,"Remote Court Reporter Only |&nbsp;&nbsp;All parties to attend remotely<br><br>ZOOM link for ALL parties to appear remotely:<br><br>Join from PC, Mac, Linux, iOS or Android: https://gallo-legal.zoom.us/j/86292501942?pwd=ScQPaNOFpKfPL0vUrZsE4FabfSoG2D.1<br>&nbsp;&nbsp;&nbsp;&nbsp;Password: 402007<br><br>or&nbsp;<br><br>Visit https://gallo-legal.zoom.us/<br>Click ""Join Meeting""<br>Enter Meeting ID: 862 9250 1942<br><br>&nbsp;&nbsp;&nbsp;&nbsp;Password: 402007<br>&nbsp;<br>Or iPhone one-tap:&nbsp;&nbsp;13017158592,86292501942# or 13052241968,86292501942#<br><br>Or Telephone&nbsp;&nbsp;(Mute PC to avoid feedback if using telephone for audio and computer for video.):<br>&nbsp;&nbsp;&nbsp;&nbsp;Dial: +1 301 715 8592 (US Toll) or +1 305 224 1968 (US Toll)<br>&nbsp;&nbsp;&nbsp;&nbsp;877 853 5247 (US Toll Free)<br>&nbsp;&nbsp;&nbsp;&nbsp;888 788 0099 (US Toll Free)<br>&nbsp;&nbsp;&nbsp;&nbsp;833 548 0276 (US Toll Free)<br>&nbsp;&nbsp;&nbsp;&nbsp;833 548 0282 (US Toll Free)<br>&nbsp;&nbsp;&nbsp;&nbsp;Meeting ID: 862 9250 1942&nbsp;",2026-03-03 10:08:24.557000,43871,2026-03-03 10:06:20.927000,43871
136283,2026-03-04,09:30:00,17:00:00,Eastern Standard Time,75037,Depo: Court Reporter Only,Cancelled,,"Powell Law, LLC ++","6075 Barfield Road
Suite 227",Sandy Springs,GA,30328,,,Court Reporter ONLY | **ALL parties to appear in-person**<br>Rescheduled to 3/9/2026,2026-03-03 11:45:43.297000,43151,2026-03-03 10:37:39.547000,43871
136284,2026-03-11,13:00:00,15:00:00,Eastern Standard Time,75038,VTC: Court Reporter,New,,GalloMeet Web Conferencing - Maple Boardroom,All attendees appearing remotely.,REMOTE,,,,,"Remote Court Reporter Only |&nbsp;&nbsp;All parties to attend remotely<br><br>ZOOM link for ALL parties to appear remotely:<br><br>Join from PC, Mac, Linux, iOS or Android: https://gallo-legal.zoom.us/j/86488702199?pwd=oNIfcH2nvyRUKQjkPoDSUOEOXiVlFd.1<br>&nbsp;&nbsp;&nbsp;&nbsp;Password: 934274<br><br>or&nbsp;<br><br>Visit https://gallo-legal.zoom.us/<br>Click ""Join Meeting""<br>Enter Meeting ID: 864 8870 2199<br><br>&nbsp;&nbsp;&nbsp;&nbsp;Password: 934274<br>&nbsp;<br>Or iPhone one-tap:&nbsp;&nbsp;13052241968,86488702199# or 13092053325,86488702199#<br><br>Or Telephone&nbsp;&nbsp;(Mute PC to avoid feedback if using telephone for audio and computer for video.):<br>&nbsp;&nbsp;&nbsp;&nbsp;Dial: +1 305 224 1968 (US Toll) or +1 309 205 3325 (US Toll)<br>&nbsp;&nbsp;&nbsp;&nbsp;833 548 0282 (US Toll Free)<br>&nbsp;&nbsp;&nbsp;&nbsp;877 853 5247 (US Toll Free)<br>&nbsp;&nbsp;&nbsp;&nbsp;888 788 0099 (US Toll Free)<br>&nbsp;&nbsp;&nbsp;&nbsp;833 548 0276 (US Toll Free)<br>&nbsp;&nbsp;&nbsp;&nbsp;Meeting ID: 864 8870 2199&nbsp;",2026-03-03 10:46:19.773000,44077,2026-03-03 10:42:19.950000,44077
136288,2026-03-12,10:00:00,12:00:00,Eastern Standard Time,75041,VTC: Court Reporter,New,,GalloMeet Web Conferencing - Alder Boardroom,All attendees appearing remotely.,REMOTE,,,,,"Remote Court Reporter Only |&nbsp;&nbsp;All parties to attend remotely<br><br>ZOOM link for ALL parties to appear remotely:<br><br>Join from PC, Mac, Linux, iOS or Android: https://gallo-legal.zoom.us/j/85963856921?pwd=P2iif0AEy7R4HRf5gu24NZAdbCvUNL.1<br>&nbsp;&nbsp;&nbsp;&nbsp;Password: 703277<br><br>or&nbsp;<br><br>Visit https://gallo-legal.zoom.us/<br>Click ""Join Meeting""<br>Enter Meeting ID: 859 6385 6921<br><br>&nbsp;&nbsp;&nbsp;&nbsp;Password: 703277<br>&nbsp;<br>Or iPhone one-tap:&nbsp;&nbsp;13052241968,85963856921# or 13092053325,85963856921#<br><br>Or Telephone&nbsp;&nbsp;(Mute PC to avoid feedback if using telephone for audio and computer for video.):<br>&nbsp;&nbsp;&nbsp;&nbsp;Dial: +1 305 224 1968 (US Toll) or +1 309 205 3325 (US Toll)<br>&nbsp;&nbsp;&nbsp;&nbsp;888 788 0099 (US Toll Free)<br>&nbsp;&nbsp;&nbsp;&nbsp;833 548 0276 (US Toll Free)<br>&nbsp;&nbsp;&nbsp;&nbsp;833 548 0282 (US Toll Free)<br>&nbsp;&nbsp;&nbsp;&nbsp;877 853 5247 (US Toll Free)<br>&nbsp;&nbsp;&nbsp;&nbsp;Meeting ID: 859 6385 6921&nbsp;",2026-03-03 11:53:56.320000,43151,2026-03-03 11:41:31.037000,43151
136289,2026-03-09,09:30:00,17:00:00,Eastern Standard Time,75037,Depo: Court Reporter Only,New,,"Powell Law, LLC ++","6075 Barfield Road
Suite 227",Sandy Springs,GA,30328,,,Court Reporter ONLY | **ALL parties to appear in-person**<br>Rescheduled from 3/4/2026,2026-03-03 11:46:38.417000,43151,2026-03-03 11:44:13.673000,43151
136290,2026-03-04,14:00:00,16:00:00,Eastern Standard Time,72442,"VTC: Reporter, Interpreter",Confirmed,,GalloMeet Web Conferencing - Almond Boardroom,All attendees appearing remotely.,REMOTE,,,Interpreter:&nbsp;,,"Remote Court Reporter &amp; Spanish Interpreter |&nbsp;&nbsp;All parties to attend remotely<br><br>ZOOM link for ALL parties to appear remotely:<br><br>Join from PC, Mac, Linux, iOS or Android: https://gallo-legal.zoom.us/j/83327628298?pwd=3IipsCPmAUbtMav99VSBY0qffczbuS.1<br>&nbsp;&nbsp;&nbsp;&nbsp;Password: 000980<br><br>or&nbsp;<br><br>Visit https://gallo-legal.zoom.us/<br>Click ""Join Meeting""<br>Enter Meeting ID: 833 2762 8298<br><br>&nbsp;&nbsp;&nbsp;&nbsp;Password: 000980<br>&nbsp;<br>Or iPhone one-tap:&nbsp;&nbsp;13092053325,83327628298# or 13126266799,83327628298#<br><br>Or Telephone&nbsp;&nbsp;(Mute PC to avoid feedback if using telephone for audio and computer for video.):<br>&nbsp;&nbsp;&nbsp;&nbsp;Dial: +1 309 205 3325 (US Toll) or +1 312 626 6799 (US Toll)<br>&nbsp;&nbsp;&nbsp;&nbsp;877 853 5247 (US Toll Free)<br>&nbsp;&nbsp;&nbsp;&nbsp;888 788 0099 (US Toll Free)<br>&nbsp;&nbsp;&nbsp;&nbsp;833 548 0276 (US Toll Free)<br>&nbsp;&nbsp;&nbsp;&nbsp;833 548 0282 (US Toll Free)<br>&nbsp;&nbsp;&nbsp;&nbsp;Meeting ID: 833 2762 8298&nbsp;",2026-03-04 08:07:08.373000,37784,2026-03-03 11:57:10.460000,43151
136291,2026-04-21,09:00:00,17:00:00,Eastern Standard Time,53784,Hearing: Court Reporter Only,New,,Cherokee County Courthouse,90 North Street,Canton,GA,30114,,,*Day 1 of 3<br><br>Court Reporter ONLY | **ALL parties to appear in-person**<br>*Courtroom 3A,2026-03-03 12:13:55.020000,43871,2026-03-03 12:07:33.557000,43871
136293,2026-04-22,09:00:00,17:00:00,Eastern Standard Time,53784,Hearing: Court Reporter Only,New,,Cherokee County Courthouse,90 North Street,Canton,GA,30114,,,*Day 2 of 3<br><br>Court Reporter ONLY | **ALL parties to appear in-person**<br>*Courtroom 3A,2026-03-03 12:14:08.833000,43871,2026-03-03 12:10:49.723000,43871
136294,2026-04-24,09:00:00,17:00:00,Eastern Standard Time,53784,Hearing: Court Reporter Only,New,,Cherokee County Courthouse,90 North Street,Canton,GA,30114,,,*Day 3 of 3<br><br>Court Reporter ONLY | **ALL parties to appear in-person**<br>*Courtroom 3A,2026-03-03 12:14:18.033000,43871,2026-03-03 12:11:21.717000,43871
136296,2026-03-04,10:00:00,12:00:00,Eastern Standard Time,75044,VTC: Court Reporter,Confirmed,,GalloMeet Web Conferencing - Almond Boardroom,All attendees appearing remotely.,REMOTE,,,,,"Remote Court Reporter Only |&nbsp;&nbsp;All parties to attend remotely<br><br>ZOOM link for ALL parties to appear remotely:<br><br>Join from PC, Mac, Linux, iOS or Android: https://gallo-legal.zoom.us/j/81074847220?pwd=SsaCrcjrCfclcfW1Q9lI3sqJl5byHD.1<br>&nbsp;&nbsp;&nbsp;&nbsp;Password: 086057<br><br>or&nbsp;<br><br>Visit https://gallo-legal.zoom.us/<br>Click ""Join Meeting""<br>Enter Meeting ID: 810 7484 7220<br><br>&nbsp;&nbsp;&nbsp;&nbsp;Password: 086057<br>&nbsp;<br>Or iPhone one-tap:&nbsp;&nbsp;13092053325,81074847220# or 13126266799,81074847220#<br><br>Or Telephone&nbsp;&nbsp;(Mute PC to avoid feedback if using telephone for audio and computer for video.):<br>&nbsp;&nbsp;&nbsp;&nbsp;Dial: +1 309 205 3325 (US Toll) or +1 312 626 6799 (US Toll)<br>&nbsp;&nbsp;&nbsp;&nbsp;833 548 0276 (US Toll Free)<br>&nbsp;&nbsp;&nbsp;&nbsp;833 548 0282 (US Toll Free)<br>&nbsp;&nbsp;&nbsp;&nbsp;877 853 5247 (US Toll Free)<br>&nbsp;&nbsp;&nbsp;&nbsp;888 788 0099 (US Toll Free)<br>&nbsp;&nbsp;&nbsp;&nbsp;Meeting ID: 810 7484 7220&nbsp;",2026-03-04 08:58:39.683000,37784,2026-03-03 12:16:04.753000,37784
136298,2026-05-13,10:00:00,13:00:00,Eastern Standard Time,74211,"VTC: Reporter, Interpreter",New,,GalloMeet Web Conferencing - Bamboo Boardroom,All attendees appearing remotely.,REMOTE,,,,,"Remote Court Reporter &amp; Interpreter | All parties to attend remotely<br><br>Language: Dari<br><br>ZOOM link for ALL parties to appear remotely:<br>Join from PC, Mac, Linux, iOS or Android: https://gallo-legal.zoom.us/j/89292109636?pwd=ZhUaIM3rbwxNUGq5sZIDOW2W9zvgyb.1<br>&nbsp;&nbsp;&nbsp;&nbsp;Password: 880715<br><br>or&nbsp;<br><br>Visit https://gallo-legal.zoom.us/<br>Click ""Join Meeting""<br>Enter Meeting ID: 892 9210 9636<br><br>&nbsp;&nbsp;&nbsp;&nbsp;Password: 880715<br>&nbsp;<br>Or iPhone one-tap:&nbsp;&nbsp;13092053325,89292109636# or 13126266799,89292109636#<br><br>Or Telephone&nbsp;&nbsp;(Mute PC to avoid feedback if using telephone for audio and computer for video.):<br>&nbsp;&nbsp;&nbsp;&nbsp;Dial: +1 309 205 3325 (US Toll) or +1 312 626 6799 (US Toll)<br>&nbsp;&nbsp;&nbsp;&nbsp;833 548 0276 (US Toll Free)<br>&nbsp;&nbsp;&nbsp;&nbsp;833 548 0282 (US Toll Free)<br>&nbsp;&nbsp;&nbsp;&nbsp;877 853 5247 (US Toll Free)<br>&nbsp;&nbsp;&nbsp;&nbsp;888 788 0099 (US Toll Free)<br>&nbsp;&nbsp;&nbsp;&nbsp;Meeting ID: 892 9210 9636&nbsp;",2026-03-03 12:34:16.287000,44077,2026-03-03 12:29:45.607000,44077
136300,2026-03-10,10:00:00,14:00:00,Eastern Standard Time,75047,VTC: Court Reporter,New,,GalloMeet Web Conferencing - Eastern Fir Boardroom,All attendees appearing remotely.,REMOTE,,,,,"Remote Court Reporter Only |&nbsp;&nbsp;All parties to attend remotely<br><br>ZOOM link for ALL parties to appear remotely:<br><br>Join from PC, Mac, Linux, iOS or Android: https://gallo-legal.zoom.us/j/85432233154?pwd=WKQgPv9yfrLubpUd2iu1Hwt8uGqO3D.1<br>&nbsp;&nbsp;&nbsp;&nbsp;Password: 735524<br><br>or&nbsp;<br><br>Visit https://gallo-legal.zoom.us/<br>Click ""Join Meeting""<br>Enter Meeting ID: 854 3223 3154<br><br>&nbsp;&nbsp;&nbsp;&nbsp;Password: 735524<br>&nbsp;<br>Or iPhone one-tap:&nbsp;&nbsp;13092053325,85432233154# or 13126266799,85432233154#<br><br>Or Telephone&nbsp;&nbsp;(Mute PC to avoid feedback if using telephone for audio and computer for video.):<br>&nbsp;&nbsp;&nbsp;&nbsp;Dial: +1 309 205 3325 (US Toll) or +1 312 626 6799 (US Toll)<br>&nbsp;&nbsp;&nbsp;&nbsp;877 853 5247 (US Toll Free)<br>&nbsp;&nbsp;&nbsp;&nbsp;888 788 0099 (US Toll Free)<br>&nbsp;&nbsp;&nbsp;&nbsp;833 548 0276 (US Toll Free)<br>&nbsp;&nbsp;&nbsp;&nbsp;833 548 0282 (US Toll Free)<br>&nbsp;&nbsp;&nbsp;&nbsp;Meeting ID: 854 3223 3154&nbsp;",2026-03-03 12:37:53.237000,37784,2026-03-03 12:35:50.520000,37784
136303,2026-03-04,08:45:00,12:00:00,Eastern Standard Time,74817,Hearing: Court Reporter Only,New,,Douglas County Probate Court,8700 Hospital Drive,Douglasville,GA,30134,,,Court Reporter ONLY | **ALL parties to appear in-person**,2026-03-03 15:09:17.800000,43151,2026-03-03 13:11:23.237000,37784
136305,2026-03-10,13:00:00,15:00:00,Eastern Standard Time,73489,VTC: Court Reporter,New,,GalloMeet Web Conferencing - Aspen Boardroom,All attendees appearing remotely.,REMOTE,,,"<strong><span style=""background-color:#ffff00;"">Same CR with Job#134488 (CROSS)</span></strong>",,"Remote Court Reporter Only |&nbsp;&nbsp;All parties to attend remotely<br><br>ZOOM link for ALL parties to appear remotely:<br><br>Join from PC, Mac, Linux, iOS or Android: https://gallo-legal.zoom.us/j/86203811579?pwd=uVhfYQglu68ySCzkG7v06jMP6tqiww.1<br>&nbsp;&nbsp;&nbsp;&nbsp;Password: 519553<br><br>or&nbsp;<br><br>Visit https://gallo-legal.zoom.us/<br>Click ""Join Meeting""<br>Enter Meeting ID: 862 0381 1579<br><br>&nbsp;&nbsp;&nbsp;&nbsp;Password: 519553<br>&nbsp;<br>Or iPhone one-tap:&nbsp;&nbsp;13052241968,86203811579# or 13092053325,86203811579#<br><br>Or Telephone&nbsp;&nbsp;(Mute PC to avoid feedback if using telephone for audio and computer for video.):<br>&nbsp;&nbsp;&nbsp;&nbsp;Dial: +1 305 224 1968 (US Toll) or +1 309 205 3325 (US Toll)<br>&nbsp;&nbsp;&nbsp;&nbsp;833 548 0282 (US Toll Free)<br>&nbsp;&nbsp;&nbsp;&nbsp;877 853 5247 (US Toll Free)<br>&nbsp;&nbsp;&nbsp;&nbsp;888 788 0099 (US Toll Free)<br>&nbsp;&nbsp;&nbsp;&nbsp;833 548 0276 (US Toll Free)<br>&nbsp;&nbsp;&nbsp;&nbsp;Meeting ID: 862 0381 1579&nbsp;<br><br><br><br><strong>Deposition at 1:00 p.m., or immediately following the deposition of Plaintiff</strong><br><br>",2026-03-04 10:46:52.740000,43151,2026-03-03 13:41:21.873000,35359
136309,2026-03-12,10:00:00,16:00:00,Eastern Standard Time,75049,Cross-Depo: Court Reporter Only,New,,Ehrenclou & Grover LLC,"3790 Holcomb Bridge Road
Suite 202",Peachtree Corners,GA,30092,,,"Cross-depositions: The court reporter will take down the plaintiff and defendant's depositions, and bill accordingly.",2026-03-03 14:35:03.100000,43151,2026-03-03 14:26:30.627000,43151
136310,2026-03-13,10:00:00,12:00:00,Eastern Standard Time,58298,VTC: Court Reporter,New,,GalloMeet Web Conferencing - Elm Boardroom	,All attendees appearing remotely.,REMOTE,,,,,"Remote Court Reporter Only |&nbsp;&nbsp;All parties to attend remotely<br><br>ZOOM link for ALL parties to appear remotely:<br><br><br>Join from PC, Mac, Linux, iOS or Android: https://gallo-legal.zoom.us/j/85003811224?pwd=2Ygb9OBztfVQK6DPfOfVZbhz5jpIbX.1<br>&nbsp;&nbsp;&nbsp;&nbsp;Password: 389025<br><br>or&nbsp;<br><br>Visit https://gallo-legal.zoom.us/<br>Click ""Join Meeting""<br>Enter Meeting ID: 850 0381 1224<br><br>&nbsp;&nbsp;&nbsp;&nbsp;Password: 389025<br>&nbsp;<br>Or iPhone one-tap:&nbsp;&nbsp;13092053325,85003811224# or 13126266799,85003811224#<br><br>Or Telephone&nbsp;&nbsp;(Mute PC to avoid feedback if using telephone for audio and computer for video.):<br>&nbsp;&nbsp;&nbsp;&nbsp;Dial: +1 309 205 3325 (US Toll) or +1 312 626 6799 (US Toll)<br>&nbsp;&nbsp;&nbsp;&nbsp;833 548 0276 (US Toll Free)<br>&nbsp;&nbsp;&nbsp;&nbsp;833 548 0282 (US Toll Free)<br>&nbsp;&nbsp;&nbsp;&nbsp;877 853 5247 (US Toll Free)<br>&nbsp;&nbsp;&nbsp;&nbsp;888 788 0099 (US Toll Free)<br>&nbsp;&nbsp;&nbsp;&nbsp;Meeting ID: 850 0381 1224&nbsp;<br><br>",2026-03-03 14:53:39.930000,43151,2026-03-03 14:40:29.233000,43151
136311,2026-03-05,09:00:00,17:00:00,Eastern Standard Time,71978,Trial: Court Reporter Only,New,,Fulton County Superior Court,185 Central Avenue SW,Atlanta,GA,30303,,,Court Reporter ONLY | **ALL parties to appear in-person**,2026-03-04 14:19:14.377000,43151,2026-03-03 14:51:22.293000,37784
136312,2026-03-13,09:00:00,17:00:00,Eastern Standard Time,75050,Hybrid: Court Reporter,New,,"Swift, Currie, McGhee & Hiers, LLP","1420 Peachtree Street Northeast
Suite 800",Atlanta,GA,30309,,,"Court Reporter to appear in-person with extra laptop for Zoom connection | **SOME parties to appear in-person/SOME parties to appear remotely**<br><br>ZOOM link for parties to appear remotely:<br><br>Join from PC, Mac, Linux, iOS or Android: https://gallo-legal.zoom.us/j/82433402632?pwd=g5u1bGb4r66i2biEJona3Rtfi21BoQ.1<br>&nbsp;&nbsp;&nbsp;&nbsp;Password: 895956<br><br>or&nbsp;<br><br>Visit https://gallo-legal.zoom.us/<br>Click ""Join Meeting""<br>Enter Meeting ID: 824 3340 2632<br><br>&nbsp;&nbsp;&nbsp;&nbsp;Password: 895956<br>&nbsp;<br>Or iPhone one-tap:&nbsp;&nbsp;13092053325,82433402632# or 13126266799,82433402632#<br><br>Or Telephone&nbsp;&nbsp;(Mute PC to avoid feedback if using telephone for audio and computer for video.):<br>&nbsp;&nbsp;&nbsp;&nbsp;Dial: +1 309 205 3325 (US Toll) or +1 312 626 6799 (US Toll)<br>&nbsp;&nbsp;&nbsp;&nbsp;833 548 0276 (US Toll Free)<br>&nbsp;&nbsp;&nbsp;&nbsp;833 548 0282 (US Toll Free)<br>&nbsp;&nbsp;&nbsp;&nbsp;877 853 5247 (US Toll Free)<br>&nbsp;&nbsp;&nbsp;&nbsp;888 788 0099 (US Toll Free)<br>&nbsp;&nbsp;&nbsp;&nbsp;Meeting ID: 824 3340 2632&nbsp;<br>",2026-03-03 15:02:24.590000,44077,2026-03-03 14:56:12.720000,44077
136315,2026-03-04,14:00:00,15:00:00,Eastern Standard Time,74144,VTC: Court Reporter,New,,GalloMeet Web Conferencing - Mahogany Boardroom,All attendees appearing remotely.,REMOTE,,,,,"Remote Court Reporter Only |&nbsp;&nbsp;All parties to attend remotely<br><br>ZOOM link for ALL parties to appear remotely:<br><br>Join from PC, Mac, Linux, iOS or Android: https://gallo-legal.zoom.us/j/86534448094?pwd=4zt6QGb0nfGQRSILRvXLOPDpLqIl87.1<br>&nbsp;&nbsp;&nbsp;&nbsp;Password: 006677<br><br>or&nbsp;<br><br>Visit https://gallo-legal.zoom.us/<br>Click ""Join Meeting""<br>Enter Meeting ID: 865 3444 8094<br><br>&nbsp;&nbsp;&nbsp;&nbsp;Password: 006677<br>&nbsp;<br>Or iPhone one-tap:&nbsp;&nbsp;13092053325,86534448094# or 13126266799,86534448094#<br><br>Or Telephone&nbsp;&nbsp;(Mute PC to avoid feedback if using telephone for audio and computer for video.):<br>&nbsp;&nbsp;&nbsp;&nbsp;Dial: +1 309 205 3325 (US Toll) or +1 312 626 6799 (US Toll)<br>&nbsp;&nbsp;&nbsp;&nbsp;877 853 5247 (US Toll Free)<br>&nbsp;&nbsp;&nbsp;&nbsp;888 788 0099 (US Toll Free)<br>&nbsp;&nbsp;&nbsp;&nbsp;833 548 0276 (US Toll Free)<br>&nbsp;&nbsp;&nbsp;&nbsp;833 548 0282 (US Toll Free)<br>&nbsp;&nbsp;&nbsp;&nbsp;Meeting ID: 865 3444 8094&nbsp;",2026-03-03 15:26:20.740000,43871,2026-03-03 15:24:32.367000,43871
136316,2026-04-28,13:00:00,15:00:00,Eastern Standard Time,72656,"Depo: Reporter, Videographer",New,,Comfort Inn and Suites,234 Highland Pkwy,East Elijay,GA,30540,,,Court Reporter &amp; Videographer | **ALL parties to appear in-person**<br>,2026-03-03 15:49:15.317000,44077,2026-03-03 15:31:39.457000,44077
136317,2026-03-04,08:30:00,12:30:00,Eastern Standard Time,75054,Hearing: Court Reporter Only,New,,ALL parties to attend remotely via Zoom,"(ALL attendees are to appear remotely)	
GLS did not set up the Zoom link.
",REMOTE,,,,,Remote Court Reporter Only |&nbsp;&nbsp;All parties to attend remotely<br><br>ZOOM link for ALL parties to appear remotely:<br><br>https://us02web.zoom.us/j/91769127947?pwd=ZFJ2NGd3S1g2YitxeWh6NGd4OGYvQT09<br><br>Meeting ID: 91769127947<br><br>PW: 67026091,2026-03-03 15:41:19.603000,37784,2026-03-03 15:38:41.040000,37784
136320,2026-03-12,14:00:00,16:00:00,Eastern Standard Time,74963,VTC: Court Reporter,New,,GalloMeet Web Conferencing - Hazel Boardroom,All attendees appearing remotely.,REMOTE,,,,,"Remote Court Reporter Only |&nbsp;&nbsp;All parties to attend remotely<br><br>ZOOM link for ALL parties to appear remotely:<br>Join from PC, Mac, Linux, iOS or Android: https://gallo-legal.zoom.us/j/82898262359?pwd=uGjrhMOYTgbea0O4GCxJO2vaJJvWyK.1<br>&nbsp;&nbsp;&nbsp;&nbsp;Password: 681423<br><br>or&nbsp;<br><br>Visit https://gallo-legal.zoom.us/<br>Click ""Join Meeting""<br>Enter Meeting ID: 828 9826 2359<br><br>&nbsp;&nbsp;&nbsp;&nbsp;Password: 681423<br>&nbsp;<br>Or iPhone one-tap:&nbsp;&nbsp;13052241968,82898262359# or 13092053325,82898262359#<br><br>Or Telephone&nbsp;&nbsp;(Mute PC to avoid feedback if using telephone for audio and computer for video.):<br>&nbsp;&nbsp;&nbsp;&nbsp;Dial: +1 305 224 1968 (US Toll) or +1 309 205 3325 (US Toll)<br>&nbsp;&nbsp;&nbsp;&nbsp;833 548 0282 (US Toll Free)<br>&nbsp;&nbsp;&nbsp;&nbsp;877 853 5247 (US Toll Free)<br>&nbsp;&nbsp;&nbsp;&nbsp;888 788 0099 (US Toll Free)<br>&nbsp;&nbsp;&nbsp;&nbsp;833 548 0276 (US Toll Free)<br>&nbsp;&nbsp;&nbsp;&nbsp;Meeting ID: 828 9826 2359&nbsp;",2026-03-03 16:03:29.763000,44077,2026-03-03 15:56:42.553000,44077
136322,2026-03-10,12:00:00,14:00:00,Eastern Standard Time,74595,VTC: Court Reporter,Confirmed,,GalloMeet Web Conferencing - Buckeye Boardroom,All attendees appearing remotely.,REMOTE,,,,,"Remote Court Reporter Only |&nbsp;&nbsp;All parties to attend remotely<br><br>ZOOM link for ALL parties to appear remotely:<br><br>Join from PC, Mac, Linux, iOS or Android: https://gallo-legal.zoom.us/j/89128403873?pwd=ZjaayiKIwdn6UrMPYCNm1unr67B4QR.1<br>&nbsp;&nbsp;&nbsp;&nbsp;Password: 779721<br><br>or&nbsp;<br><br>Visit https://gallo-legal.zoom.us/<br>Click ""Join Meeting""<br>Enter Meeting ID: 891 2840 3873<br><br>&nbsp;&nbsp;&nbsp;&nbsp;Password: 779721<br>&nbsp;<br>Or iPhone one-tap:&nbsp;&nbsp;13052241968,89128403873# or 13092053325,89128403873#<br><br>Or Telephone&nbsp;&nbsp;(Mute PC to avoid feedback if using telephone for audio and computer for video.):<br>&nbsp;&nbsp;&nbsp;&nbsp;Dial: +1 305 224 1968 (US Toll) or +1 309 205 3325 (US Toll)<br>&nbsp;&nbsp;&nbsp;&nbsp;888 788 0099 (US Toll Free)<br>&nbsp;&nbsp;&nbsp;&nbsp;833 548 0276 (US Toll Free)<br>&nbsp;&nbsp;&nbsp;&nbsp;833 548 0282 (US Toll Free)<br>&nbsp;&nbsp;&nbsp;&nbsp;877 853 5247 (US Toll Free)<br>&nbsp;&nbsp;&nbsp;&nbsp;Meeting ID: 891 2840 3873&nbsp;",2026-03-03 16:34:37.113000,43151,2026-03-03 16:14:06.023000,43151
136324,2026-03-04,14:00:00,17:00:00,Eastern Standard Time,75056,VTC: Court Reporter,New,,GalloMeet Web Conferencing - Kauri Boardroom,All attendees appearing remotely.,REMOTE,,,,,"Remote Court Reporter Only |&nbsp;&nbsp;All parties to attend remotely<br><br>ZOOM link for ALL parties to appear remotely:<br>Join from PC, Mac, Linux, iOS or Android: https://gallo-legal.zoom.us/j/82736304670?pwd=k7wf5GXu90OAYM4JEnr6Foh6f5fNNz.1<br>&nbsp;&nbsp;&nbsp;&nbsp;Password: 277271<br><br>or&nbsp;<br><br>Visit https://gallo-legal.zoom.us/<br>Click ""Join Meeting""<br>Enter Meeting ID: 827 3630 4670<br><br>&nbsp;&nbsp;&nbsp;&nbsp;Password: 277271<br>&nbsp;<br>Or iPhone one-tap:&nbsp;&nbsp;13092053325,82736304670# or 13126266799,82736304670#<br><br>Or Telephone&nbsp;&nbsp;(Mute PC to avoid feedback if using telephone for audio and computer for video.):<br>&nbsp;&nbsp;&nbsp;&nbsp;Dial: +1 309 205 3325 (US Toll) or +1 312 626 6799 (US Toll)<br>&nbsp;&nbsp;&nbsp;&nbsp;877 853 5247 (US Toll Free)<br>&nbsp;&nbsp;&nbsp;&nbsp;888 788 0099 (US Toll Free)<br>&nbsp;&nbsp;&nbsp;&nbsp;833 548 0276 (US Toll Free)<br>&nbsp;&nbsp;&nbsp;&nbsp;833 548 0282 (US Toll Free)<br>&nbsp;&nbsp;&nbsp;&nbsp;Meeting ID: 827 3630 4670&nbsp;",2026-03-04 13:52:03.567000,44077,2026-03-03 16:16:36.283000,44077
136327,2026-03-05,09:00:00,11:00:00,Eastern Standard Time,74760,VTC: Court Reporter,Confirmed,,GalloMeet Web Conferencing - Dogwood Boardroom,All attendees appearing remotely.,REMOTE,,,,,"Remote Court Reporter Only |&nbsp;&nbsp;All parties to attend remotely<br><br>ZOOM link for ALL parties to appear remotely:<br><br>Join from PC, Mac, Linux, iOS or Android: https://gallo-legal.zoom.us/j/82821434750?pwd=loa1b3BVKagltF2OsXaHnktmO0Ij88.1<br>&nbsp;&nbsp;&nbsp;&nbsp;Password: 454373<br><br>or&nbsp;<br><br>Visit https://gallo-legal.zoom.us/<br>Click ""Join Meeting""<br>Enter Meeting ID: 828 2143 4750<br><br>&nbsp;&nbsp;&nbsp;&nbsp;Password: 454373<br>&nbsp;<br>Or iPhone one-tap:&nbsp;&nbsp;16468769923,82821434750# or 16469313860,82821434750#<br><br>Or Telephone&nbsp;&nbsp;(Mute PC to avoid feedback if using telephone for audio and computer for video.):<br>&nbsp;&nbsp;&nbsp;&nbsp;Dial: +1 646 876 9923 (US Toll) or +1 646 931 3860 (US Toll)<br>&nbsp;&nbsp;&nbsp;&nbsp;877 853 5247 (US Toll Free)<br>&nbsp;&nbsp;&nbsp;&nbsp;888 788 0099 (US Toll Free)<br>&nbsp;&nbsp;&nbsp;&nbsp;833 548 0276 (US Toll Free)<br>&nbsp;&nbsp;&nbsp;&nbsp;833 548 0282 (US Toll Free)<br>&nbsp;&nbsp;&nbsp;&nbsp;Meeting ID: 828 2143 4750&nbsp;",2026-03-04 10:28:35.670000,37784,2026-03-03 16:28:33.393000,35359
136329,2026-04-07,13:00:00,17:00:00,Eastern Standard Time,74957,"Depo: Reporter, Videographer",New,,Holiday Inn Express,1388 Oglethorpe Highway 84 East,Hinesville,GA,31313,,,Court Reporter &amp; Videographer | **ALL parties to appear in-person**<br>,2026-03-04 10:51:36.430000,37784,2026-03-03 16:53:18.670000,43871
136334,2026-03-05,14:00:00,16:00:00,Eastern Standard Time,73741,"VTC: Reporter, Videographer",Billed,,GalloMeet Web Conferencing - Birch Boardroom,All attendees appearing remotely.,REMOTE,,,,,"Remote Court Reporter &amp; Videographer |&nbsp;&nbsp;All parties to attend remotely<br><br>ZOOM link for ALL parties to appear remotely:<br><br>Join from PC, Mac, Linux, iOS or Android: https://gallo-legal.zoom.us/j/83474419887?pwd=fQrpg8Jmvo7OwWrhhLzX6eXPiaxPxi.1<br>&nbsp;&nbsp;&nbsp;&nbsp;Password: 616084<br><br>or&nbsp;<br><br>Visit https://gallo-legal.zoom.us/<br>Click ""Join Meeting""<br>Enter Meeting ID: 834 7441 9887<br><br>&nbsp;&nbsp;&nbsp;&nbsp;Password: 616084<br>&nbsp;<br>Or iPhone one-tap:&nbsp;&nbsp;13126266799,83474419887# or 16468769923,83474419887#<br><br>Or Telephone&nbsp;&nbsp;(Mute PC to avoid feedback if using telephone for audio and computer for video.):<br>&nbsp;&nbsp;&nbsp;&nbsp;Dial: +1 312 626 6799 (US Toll) or +1 646 876 9923 (US Toll)<br>&nbsp;&nbsp;&nbsp;&nbsp;833 548 0282 (US Toll Free)<br>&nbsp;&nbsp;&nbsp;&nbsp;877 853 5247 (US Toll Free)<br>&nbsp;&nbsp;&nbsp;&nbsp;888 788 0099 (US Toll Free)<br>&nbsp;&nbsp;&nbsp;&nbsp;833 548 0276 (US Toll Free)<br>&nbsp;&nbsp;&nbsp;&nbsp;Meeting ID: 834 7441 9887&nbsp;",2026-03-05 14:54:30.860000,35869,2026-03-04 08:40:33.097000,44077
136336,2026-03-04,10:00:00,12:00:00,Eastern Standard Time,75060,VTC: Court Reporter,Billed,,GalloMeet Web Conferencing - Beech Boardroom,All attendees appearing remotely.,REMOTE,,,,,"Remote Court Reporter Only |&nbsp;&nbsp;All parties to attend remotely<br><br>ZOOM link for ALL parties to appear remotely:<br><br>Join from PC, Mac, Linux, iOS or Android: https://gallo-legal.zoom.us/j/82475687848?pwd=s3vV2DmOFJe8LaKWUZLdv8QIdIVFU9.1<br>&nbsp;&nbsp;&nbsp;&nbsp;Password: 517260<br><br>or&nbsp;<br><br>Visit https://gallo-legal.zoom.us/<br>Click ""Join Meeting""<br>Enter Meeting ID: 824 7568 7848<br><br>&nbsp;&nbsp;&nbsp;&nbsp;Password: 517260<br>&nbsp;<br>Or iPhone one-tap:&nbsp;&nbsp;13092053325,82475687848# or 13126266799,82475687848#<br><br>Or Telephone&nbsp;&nbsp;(Mute PC to avoid feedback if using telephone for audio and computer for video.):<br>&nbsp;&nbsp;&nbsp;&nbsp;Dial: +1 309 205 3325 (US Toll) or +1 312 626 6799 (US Toll)<br>&nbsp;&nbsp;&nbsp;&nbsp;833 548 0276 (US Toll Free)<br>&nbsp;&nbsp;&nbsp;&nbsp;833 548 0282 (US Toll Free)<br>&nbsp;&nbsp;&nbsp;&nbsp;877 853 5247 (US Toll Free)<br>&nbsp;&nbsp;&nbsp;&nbsp;888 788 0099 (US Toll Free)<br>&nbsp;&nbsp;&nbsp;&nbsp;Meeting ID: 824 7568 7848&nbsp;",2026-03-04 12:03:37.320000,35869,2026-03-04 08:49:47.827000,37784
136337,2026-03-10,10:00:00,12:00:00,Eastern Standard Time,75062,VTC: Court Reporter,New,,GalloMeet Web Conferencing - Cypress Boardroom,All attendees appearing remotely.,REMOTE,,,,,"Remote Court Reporter Only |&nbsp;&nbsp;All parties to attend remotely<br><br>ZOOM link for ALL parties to appear remotely:<br><br>Join from PC, Mac, Linux, iOS or Android: https://gallo-legal.zoom.us/j/87183777726?pwd=33Dm4Rv6Dur5erLG19WjOKEPVasSeo.1<br>&nbsp;&nbsp;&nbsp;&nbsp;Password: 690312<br><br>or&nbsp;<br><br>Visit https://gallo-legal.zoom.us/<br>Click ""Join Meeting""<br>Enter Meeting ID: 871 8377 7726<br><br>&nbsp;&nbsp;&nbsp;&nbsp;Password: 690312<br>&nbsp;<br>Or iPhone one-tap:&nbsp;&nbsp;13017158592,87183777726# or 13052241968,87183777726#<br><br>Or Telephone&nbsp;&nbsp;(Mute PC to avoid feedback if using telephone for audio and computer for video.):<br>&nbsp;&nbsp;&nbsp;&nbsp;Dial: +1 301 715 8592 (US Toll) or +1 305 224 1968 (US Toll)<br>&nbsp;&nbsp;&nbsp;&nbsp;877 853 5247 (US Toll Free)<br>&nbsp;&nbsp;&nbsp;&nbsp;888 788 0099 (US Toll Free)<br>&nbsp;&nbsp;&nbsp;&nbsp;833 548 0276 (US Toll Free)<br>&nbsp;&nbsp;&nbsp;&nbsp;833 548 0282 (US Toll Free)<br>&nbsp;&nbsp;&nbsp;&nbsp;Meeting ID: 871 8377 7726&nbsp;",2026-03-04 09:57:05.710000,43151,2026-03-04 09:49:58.810000,43151
136342,2026-03-09,10:00:00,12:00:00,Eastern Standard Time,72547,"VTC: Reporter, Videographer",New,,GalloMeet Web Conferencing - Banyan Boardroom	,All attendees appearing remotely.,REMOTE,,,,,"Remote Court Reporter &amp; Videographer | All parties to attend remotely<br><br>ZOOM link for ALL parties to appear remotely:<br><br>Join from PC, Mac, Linux, iOS or Android: https://gallo-legal.zoom.us/j/87186163753?pwd=365zOWZbPGNSxDBiQ9nQbLIYGOTZpK.1<br>&nbsp;&nbsp;&nbsp;&nbsp;Password: 941774<br><br>or&nbsp;<br><br>Visit https://gallo-legal.zoom.us/<br>Click ""Join Meeting""<br>Enter Meeting ID: 871 8616 3753<br><br>&nbsp;&nbsp;&nbsp;&nbsp;Password: 941774<br>&nbsp;<br>Or iPhone one-tap:&nbsp;&nbsp;16469313860,87186163753# or 13017158592,87186163753#<br><br>Or Telephone&nbsp;&nbsp;(Mute PC to avoid feedback if using telephone for audio and computer for video.):<br>&nbsp;&nbsp;&nbsp;&nbsp;Dial: +1 646 931 3860 (US Toll) or +1 301 715 8592 (US Toll)<br>&nbsp;&nbsp;&nbsp;&nbsp;888 788 0099 (US Toll Free)<br>&nbsp;&nbsp;&nbsp;&nbsp;833 548 0276 (US Toll Free)<br>&nbsp;&nbsp;&nbsp;&nbsp;833 548 0282 (US Toll Free)<br>&nbsp;&nbsp;&nbsp;&nbsp;877 853 5247 (US Toll Free)<br>&nbsp;&nbsp;&nbsp;&nbsp;Meeting ID: 871 8616 3753&nbsp;",2026-03-04 15:49:34.887000,41460,2026-03-04 10:24:43.523000,43871
136347,2026-03-05,11:00:00,14:00:00,Eastern Standard Time,75066,"VTC: Reporter, Interpreter",Turned In,,GalloMeet Web Conferencing - Buckeye Boardroom,All attendees appearing remotely.,REMOTE,,,,,"Remote Court Reporter &amp; Interpreter | All parties to attend remotely<br><br>Language: Spanish<br><br>ZOOM link for ALL parties to appear remotely:<br><br>Join from PC, Mac, Linux, iOS or Android: https://gallo-legal.zoom.us/j/82191865848?pwd=vMpreTlUmqhtIiB5jJ2dCXK7nIKgBd.1<br>&nbsp;&nbsp;&nbsp;&nbsp;Password: 145114<br><br>or&nbsp;<br><br>Visit https://gallo-legal.zoom.us/<br>Click ""Join Meeting""<br>Enter Meeting ID: 821 9186 5848<br><br>&nbsp;&nbsp;&nbsp;&nbsp;Password: 145114<br>&nbsp;<br>Or iPhone one-tap:&nbsp;&nbsp;13017158592,82191865848# or 13052241968,82191865848#<br><br>Or Telephone&nbsp;&nbsp;(Mute PC to avoid feedback if using telephone for audio and computer for video.):<br>&nbsp;&nbsp;&nbsp;&nbsp;Dial: +1 301 715 8592 (US Toll) or +1 305 224 1968 (US Toll)<br>&nbsp;&nbsp;&nbsp;&nbsp;833 548 0276 (US Toll Free)<br>&nbsp;&nbsp;&nbsp;&nbsp;833 548 0282 (US Toll Free)<br>&nbsp;&nbsp;&nbsp;&nbsp;877 853 5247 (US Toll Free)<br>&nbsp;&nbsp;&nbsp;&nbsp;888 788 0099 (US Toll Free)<br>&nbsp;&nbsp;&nbsp;&nbsp;Meeting ID: 821 9186 5848&nbsp;",2026-03-05 13:25:26.213000,38004,2026-03-04 10:40:36.417000,44077
136350,2026-03-05,13:30:00,16:30:00,Eastern Standard Time,75068,"VTC: Reporter, Interpreter",Turned In,,GalloMeet Web Conferencing - Kauri Boardroom,All attendees appearing remotely.,REMOTE,,,Interpreter: Rocio Mora,,"Remote Court Reporter &amp; Interpreter | All parties to attend remotely<br><br>Language: Spanish&nbsp;<br><br>ZOOM link for ALL parties to appear remotely:<br><br>Join from PC, Mac, Linux, iOS or Android: https://gallo-legal.zoom.us/j/87353854272?pwd=GoWncXcAAMfFNaGP9EhVxaeiQaH54M.1<br>&nbsp;&nbsp;&nbsp;&nbsp;Password: 159671<br><br>or&nbsp;<br><br>Visit https://gallo-legal.zoom.us/<br>Click ""Join Meeting""<br>Enter Meeting ID: 873 5385 4272<br><br>&nbsp;&nbsp;&nbsp;&nbsp;Password: 159671<br>&nbsp;<br>Or iPhone one-tap:&nbsp;&nbsp;13017158592,87353854272# or 13052241968,87353854272#<br><br>Or Telephone&nbsp;&nbsp;(Mute PC to avoid feedback if using telephone for audio and computer for video.):<br>&nbsp;&nbsp;&nbsp;&nbsp;Dial: +1 301 715 8592 (US Toll) or +1 305 224 1968 (US Toll)<br>&nbsp;&nbsp;&nbsp;&nbsp;833 548 0276 (US Toll Free)<br>&nbsp;&nbsp;&nbsp;&nbsp;833 548 0282 (US Toll Free)<br>&nbsp;&nbsp;&nbsp;&nbsp;877 853 5247 (US Toll Free)<br>&nbsp;&nbsp;&nbsp;&nbsp;888 788 0099 (US Toll Free)<br>&nbsp;&nbsp;&nbsp;&nbsp;Meeting ID: 873 5385 4272&nbsp;",2026-03-05 21:14:59.003000,25108,2026-03-04 10:50:45.160000,44077
136352,2026-03-05,10:00:00,14:00:00,Eastern Standard Time,75072,VTC: Court Reporter,Cancelled,,GalloMeet Web Conferencing - Oak Boardroom	,All attendees appearing remotely.,REMOTE	,,,,,"Remote Court Reporter Only |&nbsp;&nbsp;All parties to attend remotely<br><br>ZOOM link for ALL parties to appear remotely:<br><br>Join from PC, Mac, Linux, iOS or Android: https://gallo-legal.zoom.us/j/89950280043?pwd=WiaKogLN2nfFCaYyu285io1GwUrJeA.1<br>&nbsp;&nbsp;&nbsp;&nbsp;Password: 865551<br><br>or&nbsp;<br><br>Visit https://gallo-legal.zoom.us/<br>Click ""Join Meeting""<br>Enter Meeting ID: 899 5028 0043<br><br>&nbsp;&nbsp;&nbsp;&nbsp;Password: 865551<br>&nbsp;<br>Or iPhone one-tap:&nbsp;&nbsp;13126266799,89950280043# or 16468769923,89950280043#<br><br>Or Telephone&nbsp;&nbsp;(Mute PC to avoid feedback if using telephone for audio and computer for video.):<br>&nbsp;&nbsp;&nbsp;&nbsp;Dial: +1 312 626 6799 (US Toll) or +1 646 876 9923 (US Toll)<br>&nbsp;&nbsp;&nbsp;&nbsp;833 548 0282 (US Toll Free)<br>&nbsp;&nbsp;&nbsp;&nbsp;877 853 5247 (US Toll Free)<br>&nbsp;&nbsp;&nbsp;&nbsp;888 788 0099 (US Toll Free)<br>&nbsp;&nbsp;&nbsp;&nbsp;833 548 0276 (US Toll Free)<br>&nbsp;&nbsp;&nbsp;&nbsp;Meeting ID: 899 5028 0043&nbsp;",2026-03-04 12:28:00.453000,44077,2026-03-04 11:39:32.703000,44077
136353,2026-03-13,10:00:00,12:00:00,Eastern Standard Time,64274,"VTC: Reporter, Videographer",New,,GalloMeet Web Conferencing - Magnolia Boardroom,All attendees appearing remotely.,REMOTE,,,,,"Remote Court Reporter &amp; Videographer | All parties to attend remotely<br><br>ZOOM link for ALL parties to appear remotely:<br>Join from PC, Mac, Linux, iOS or Android: https://gallo-legal.zoom.us/j/87131365809?pwd=w5aooVUJINKgazlTY5UySMmqa1ujlw.1<br>&nbsp;&nbsp;&nbsp;&nbsp;Password: 719065<br><br>or&nbsp;<br><br>Visit https://gallo-legal.zoom.us/<br>Click ""Join Meeting""<br>Enter Meeting ID: 871 3136 5809<br><br>&nbsp;&nbsp;&nbsp;&nbsp;Password: 719065<br>&nbsp;<br>Or iPhone one-tap:&nbsp;&nbsp;13126266799,87131365809# or 16468769923,87131365809#<br><br>Or Telephone&nbsp;&nbsp;(Mute PC to avoid feedback if using telephone for audio and computer for video.):<br>&nbsp;&nbsp;&nbsp;&nbsp;Dial: +1 312 626 6799 (US Toll) or +1 646 876 9923 (US Toll)<br>&nbsp;&nbsp;&nbsp;&nbsp;888 788 0099 (US Toll Free)<br>&nbsp;&nbsp;&nbsp;&nbsp;833 548 0276 (US Toll Free)<br>&nbsp;&nbsp;&nbsp;&nbsp;833 548 0282 (US Toll Free)<br>&nbsp;&nbsp;&nbsp;&nbsp;877 853 5247 (US Toll Free)<br>&nbsp;&nbsp;&nbsp;&nbsp;Meeting ID: 871 3136 5809&nbsp;",2026-03-04 12:24:44.677000,44077,2026-03-04 12:12:08.847000,44077
136354,2026-03-09,14:00:00,17:00:00,Eastern Standard Time,75076,Hearing: Court Reporter Only,New,,Gwinnett County Courthouse,75 Langley Drive,Lawrenceville,GA,30046-6936,,,Court Reporter ONLY | **ALL parties to appear in-person**<br><br>Courtroom 3D,2026-03-04 12:20:27.640000,43151,2026-03-04 12:14:42.980000,40584
136358,2026-03-11,12:30:00,14:30:00,Eastern Standard Time,75078,VTC: Court Reporter,New,,ALL parties to attend remotely via Zoom,"(ALL attendees are to appear remotely)	
GLS did not set up the Zoom link.
",REMOTE,,,,,Remote Court Reporter Only |&nbsp;&nbsp;All parties to attend remotely<br><br>ZOOM link for ALL parties to appear remotely:<br><br><strong>awaiting link</strong>,2026-03-04 12:34:39.443000,37784,2026-03-04 12:33:43.533000,37784
136364,2026-03-11,14:00:00,16:00:00,Eastern Standard Time,73811,VTC: Court Reporter,New,,GalloMeet Web Conferencing - Buckeye Boardroom,All attendees appearing remotely.,REMOTE,,,,,"Remote Court Reporter Only |&nbsp;&nbsp;All parties to attend remotely<br><br>ZOOM link for ALL parties to appear remotely:<br><br>Join from PC, Mac, Linux, iOS or Android: https://gallo-legal.zoom.us/j/85421312527?pwd=blFBYDmFBTDHO9SBcGPDqOZ9pOPolT.1<br>&nbsp;&nbsp;&nbsp;&nbsp;Password: 907927<br><br>or&nbsp;<br><br>Visit https://gallo-legal.zoom.us/<br>Click ""Join Meeting""<br>Enter Meeting ID: 854 2131 2527<br><br>&nbsp;&nbsp;&nbsp;&nbsp;Password: 907927<br>&nbsp;<br>Or iPhone one-tap:&nbsp;&nbsp;16469313860,85421312527# or 13017158592,85421312527#<br><br>Or Telephone&nbsp;&nbsp;(Mute PC to avoid feedback if using telephone for audio and computer for video.):<br>&nbsp;&nbsp;&nbsp;&nbsp;Dial: +1 646 931 3860 (US Toll) or +1 301 715 8592 (US Toll)<br>&nbsp;&nbsp;&nbsp;&nbsp;833 548 0282 (US Toll Free)<br>&nbsp;&nbsp;&nbsp;&nbsp;877 853 5247 (US Toll Free)<br>&nbsp;&nbsp;&nbsp;&nbsp;888 788 0099 (US Toll Free)<br>&nbsp;&nbsp;&nbsp;&nbsp;833 548 0276 (US Toll Free)<br>&nbsp;&nbsp;&nbsp;&nbsp;Meeting ID: 854 2131 2527&nbsp;",2026-03-05 08:45:51.487000,37784,2026-03-04 12:46:40.700000,37784
136366,2026-03-12,10:00:00,12:00:00,Eastern Standard Time,75082,Depo: Court Reporter Only,New,,"Fain, Major, Brennan, Sanford & Hardee, P.C. - Atlanta","5605 Glenridge Drive, NE
Suite 900",Atlanta,GA,30342,,,Court Reporter ONLY | **ALL parties to appear in-person**,2026-03-04 13:04:44.310000,43151,2026-03-04 12:57:23.720000,43151
136367,2026-03-06,09:00:00,15:00:00,Eastern Standard Time,75080,Depo: Court Reporter Only,Confirmed,,"Stone & Bellus, P.C.","6849 Peachtree Dunwoody Road
Building B-3, Suite 100",Atlanta,GA,30328,,,Court Reporter ONLY | **ALL parties to appear in-person**<br>,2026-03-05 11:56:04.080000,27562,2026-03-04 12:58:12.207000,43871
136374,2026-03-06,14:00:00,17:00:00,Eastern Standard Time,73835,Hearing: Court Reporter Only,Confirmed,,ALL parties to attend remotely via Zoom,"(ALL attendees are to appear remotely)	
GLS did not set up the Zoom link.
",REMOTE,,,GLS did not set up the Zoom link&nbsp;,,Remote Court Reporter Only |&nbsp;&nbsp;All parties to attend remotely<br><br><strong>GLS did not set up the Zoom link&nbsp;</strong><br><br>Join Zoom Meeting<br>Join Zoom Meeting: https://dekalbcountyga.zoom.us/j/87914354433<br>Meeting ID: 879 1435 4433<br>Passcode: 476240<br>,2026-03-05 08:19:51.647000,37784,2026-03-04 14:41:32.423000,44077
136381,2026-03-05,10:00:00,13:00:00,Eastern Standard Time,75089,VTC: Court Reporter,New,,GalloMeet Web Conferencing - Magnolia Boardroom,All attendees appearing remotely.,REMOTE,,,,,"Remote Court Reporter ONLY | All parties to attend remotely<br><br>ZOOM link for ALL parties to appear remotely:<br><br>Join from PC, Mac, Linux, iOS or Android: https://gallo-legal.zoom.us/j/82281334528?pwd=Fl2KoyOpuJCOui5iTAD6LleaqYbafY.1<br>&nbsp;&nbsp;&nbsp;&nbsp;Password: 315396<br><br>or&nbsp;<br><br>Visit https://gallo-legal.zoom.us/<br>Click ""Join Meeting""<br>Enter Meeting ID: 822 8133 4528<br><br>&nbsp;&nbsp;&nbsp;&nbsp;Password: 315396<br>&nbsp;<br>Or iPhone one-tap:&nbsp;&nbsp;13092053325,82281334528# or 13126266799,82281334528#<br><br>Or Telephone&nbsp;&nbsp;(Mute PC to avoid feedback if using telephone for audio and computer for video.):<br>&nbsp;&nbsp;&nbsp;&nbsp;Dial: +1 309 205 3325 (US Toll) or +1 312 626 6799 (US Toll)<br>&nbsp;&nbsp;&nbsp;&nbsp;833 548 0276 (US Toll Free)<br>&nbsp;&nbsp;&nbsp;&nbsp;833 548 0282 (US Toll Free)<br>&nbsp;&nbsp;&nbsp;&nbsp;877 853 5247 (US Toll Free)<br>&nbsp;&nbsp;&nbsp;&nbsp;888 788 0099 (US Toll Free)<br>&nbsp;&nbsp;&nbsp;&nbsp;Meeting ID: 822 8133 4528&nbsp;",2026-03-04 16:17:17.840000,44077,2026-03-04 15:34:56.893000,44077
136384,2026-03-12,10:00:00,17:00:00,Mountain Standard Time,75091,"Depo: Reporter, Videographer",New,,"Lewis Brisbois Bisgaard & Smith, LLP - Phoenix","2929 North Central Avenue
Suite 1700",Phoenix,AZ,85012,,,Court Reporter &amp; Videographer | **ALL parties to appear in-person**,2026-03-04 16:04:10.540000,43871,2026-03-04 16:01:28.413000,43871
136386,2026-03-09,18:00:00,20:00:00,Eastern Standard Time,70347,VTC: Court Reporter,New,,GalloMeet Web Conferencing - Birch Boardroom,All attendees appearing remotely.,REMOTE,,,,,"Remote Court Reporter Only |&nbsp;&nbsp;All parties to attend remotely<br><br>ZOOM link for ALL parties to appear remotely:<br><br>Join from PC, Mac, Linux, iOS or Android: https://gallo-legal.zoom.us/j/84680035301?pwd=vmCqiOaW0eC41hm5s0Nj9vW7rvnhpJ.1<br>&nbsp;&nbsp;&nbsp;&nbsp;Password: 810149<br><br>or&nbsp;<br><br>Visit https://gallo-legal.zoom.us/<br>Click ""Join Meeting""<br>Enter Meeting ID: 846 8003 5301<br><br>&nbsp;&nbsp;&nbsp;&nbsp;Password: 810149<br>&nbsp;<br>Or iPhone one-tap:&nbsp;&nbsp;13052241968,84680035301# or 13092053325,84680035301#<br><br>Or Telephone&nbsp;&nbsp;(Mute PC to avoid feedback if using telephone for audio and computer for video.):<br>&nbsp;&nbsp;&nbsp;&nbsp;Dial: +1 305 224 1968 (US Toll) or +1 309 205 3325 (US Toll)<br>&nbsp;&nbsp;&nbsp;&nbsp;888 788 0099 (US Toll Free)<br>&nbsp;&nbsp;&nbsp;&nbsp;833 548 0276 (US Toll Free)<br>&nbsp;&nbsp;&nbsp;&nbsp;833 548 0282 (US Toll Free)<br>&nbsp;&nbsp;&nbsp;&nbsp;877 853 5247 (US Toll Free)<br>&nbsp;&nbsp;&nbsp;&nbsp;Meeting ID: 846 8003 5301&nbsp;",2026-03-04 16:28:04.607000,44077,2026-03-04 16:10:06.020000,44077
136389,2026-03-12,10:00:00,14:00:00,Eastern Standard Time,75094,"Depo: Reporter, Videographer",New,,Hall Booth Smith P.C. - Atlanta,"191 Peachtree Street
Suite 2900",Atlanta,GA,30303,,,Court Reporter &amp; Videographer | **ALL parties to appear in-person**<br>,2026-03-05 11:56:49.797000,27562,2026-03-04 16:21:40.050000,43151
136391,2026-03-13,09:30:00,17:00:00,Eastern Standard Time,75095,Hearing: Court Reporter Only,New,,Dekalb County Courthouse,556 North McDonough Street,Decatur,GA,30030,,,Court Reporter ONLY | **ALL parties to appear in-person**,2026-03-04 16:37:14.280000,43151,2026-03-04 16:33:28.733000,43151
136394,2026-03-09,10:00:00,15:00:00,Eastern Standard Time,75098,"Cross-Depo: Reporter, Interpreter",New,,GalloMeet Web Conferencing - Alder Boardroom,All attendees appearing remotely.,REMOTE,,,Interpreter: Jenny Bristini,,"<strong><span style=""background-color:#ffff00;"">SPANISH INTERPRETER ONLY FOR&nbsp;Maria Ibarra</span></strong><br><br>Remote Court Reporter &amp; Interpreter | All parties to attend remotely<br><br>ZOOM link for ALL parties to appear remotely:<br><br>Join from PC, Mac, Linux, iOS or Android: https://gallo-legal.zoom.us/j/84407529682?pwd=6mLymhvk9hbuaYwfIojbfE84jicy8P.1<br>&nbsp;&nbsp;&nbsp;&nbsp;Password: 358837<br><br>or&nbsp;<br><br>Visit https://gallo-legal.zoom.us/<br>Click ""Join Meeting""<br>Enter Meeting ID: 844 0752 9682<br><br>&nbsp;&nbsp;&nbsp;&nbsp;Password: 358837<br>&nbsp;<br>Or iPhone one-tap:&nbsp;&nbsp;13092053325,84407529682# or 13126266799,84407529682#<br><br>Or Telephone&nbsp;&nbsp;(Mute PC to avoid feedback if using telephone for audio and computer for video.):<br>&nbsp;&nbsp;&nbsp;&nbsp;Dial: +1 309 205 3325 (US Toll) or +1 312 626 6799 (US Toll)<br>&nbsp;&nbsp;&nbsp;&nbsp;877 853 5247 (US Toll Free)<br>&nbsp;&nbsp;&nbsp;&nbsp;888 788 0099 (US Toll Free)<br>&nbsp;&nbsp;&nbsp;&nbsp;833 548 0276 (US Toll Free)<br>&nbsp;&nbsp;&nbsp;&nbsp;833 548 0282 (US Toll Free)",2026-03-05 16:19:14.423000,43151,2026-03-04 17:09:18.233000,43151
136395,2026-03-05,10:00:00,12:00:00,Eastern Standard Time,74328,Depo: Court Reporter Only,New,,Mike Hostilo Law Firm - Macon,204A Spring Street,Macon,GA,31201,,,Court Reporter ONLY | **ALL parties to appear in-person**,2026-03-04 17:21:29.213000,43871,2026-03-04 17:20:59.823000,43871
136398,2026-03-05,13:00:00,15:00:00,Eastern Standard Time,57806,VTC: Court Reporter,Turned In,,GalloMeet Web Conferencing - Almond Boardroom,All attendees appearing remotely.						,REMOTE,,,,,"Remote Court Reporter Only |&nbsp;&nbsp;All parties to attend remotely<br><br>ZOOM link for ALL parties to appear remotely:<br><br>Join from PC, Mac, Linux, iOS or Android: https://gallo-legal.zoom.us/j/87926639955?pwd=WFb6Crt99Aj1DAknrQ7VowbO0AZjMr.1<br>&nbsp;&nbsp;&nbsp;&nbsp;Password: 745985<br><br>or&nbsp;<br><br>Visit https://gallo-legal.zoom.us/<br>Click ""Join Meeting""<br>Enter Meeting ID: 879 2663 9955<br><br>&nbsp;&nbsp;&nbsp;&nbsp;Password: 745985<br>&nbsp;<br>Or iPhone one-tap:&nbsp;&nbsp;13126266799,87926639955# or 16468769923,87926639955#<br><br>Or Telephone&nbsp;&nbsp;(Mute PC to avoid feedback if using telephone for audio and computer for video.):<br>&nbsp;&nbsp;&nbsp;&nbsp;Dial: +1 312 626 6799 (US Toll) or +1 646 876 9923 (US Toll)<br>&nbsp;&nbsp;&nbsp;&nbsp;833 548 0282 (US Toll Free)<br>&nbsp;&nbsp;&nbsp;&nbsp;877 853 5247 (US Toll Free)<br>&nbsp;&nbsp;&nbsp;&nbsp;888 788 0099 (US Toll Free)<br>&nbsp;&nbsp;&nbsp;&nbsp;833 548 0276 (US Toll Free)<br>&nbsp;&nbsp;&nbsp;&nbsp;Meeting ID: 879 2663 9955&nbsp;",2026-03-05 15:30:04.077000,41407,2026-03-05 08:46:58.803000,44077
136404,2026-03-06,10:00:00,12:00:00,Eastern Standard Time,75103,"VTC: Reporter, Videographer",Confirmed,,GalloMeet Web Conferencing - Eucalyptus Boardroom,All attendees appearing remotely.,REMOTE,,,,,"RRemote Court Reporter &amp; Videographer |&nbsp;&nbsp;All parties to attend remotely<br><br>ZOOM link for ALL parties to appear remotely:<br><br>Join from PC, Mac, Linux, iOS or Android: https://gallo-legal.zoom.us/j/86572300592?pwd=eTLLeFbdPMfcnZKMoWip55tRmbLTux.1<br>&nbsp;&nbsp;&nbsp;&nbsp;Password: 491522<br><br>or&nbsp;<br><br>Visit https://gallo-legal.zoom.us/<br>Click ""Join Meeting""<br>Enter Meeting ID: 865 7230 0592<br><br>&nbsp;&nbsp;&nbsp;&nbsp;Password: 491522<br>&nbsp;<br>Or iPhone one-tap:&nbsp;&nbsp;16468769923,86572300592# or 16469313860,86572300592#<br><br>Or Telephone&nbsp;&nbsp;(Mute PC to avoid feedback if using telephone for audio and computer for video.):<br>&nbsp;&nbsp;&nbsp;&nbsp;Dial: +1 646 876 9923 (US Toll) or +1 646 931 3860 (US Toll)<br>&nbsp;&nbsp;&nbsp;&nbsp;833 548 0276 (US Toll Free)<br>&nbsp;&nbsp;&nbsp;&nbsp;833 548 0282 (US Toll Free)<br>&nbsp;&nbsp;&nbsp;&nbsp;877 853 5247 (US Toll Free)<br>&nbsp;&nbsp;&nbsp;&nbsp;888 788 0099 (US Toll Free)<br>&nbsp;&nbsp;&nbsp;&nbsp;Meeting ID: 865 7230 0592&nbsp;",2026-03-05 11:35:25.747000,37784,2026-03-05 09:17:41.173000,43871
136405,2026-03-06,10:00:00,12:00:00,Eastern Standard Time,75104,"VTC: Reporter, Videographer",Confirmed,,GalloMeet Web Conferencing - Eucalyptus Boardroom,All attendees appearing remotely.,REMOTE,,,,,"Remote Court Reporter &amp; Videographer |&nbsp;&nbsp;All parties to attend remotely<br><br>ZOOM link for ALL parties to appear remotely:<br><br>Join from PC, Mac, Linux, iOS or Android: https://gallo-legal.zoom.us/j/86572300592?pwd=eTLLeFbdPMfcnZKMoWip55tRmbLTux.1<br>&nbsp;&nbsp;&nbsp;&nbsp;Password: 491522<br><br>or&nbsp;<br><br>Visit https://gallo-legal.zoom.us/<br>Click ""Join Meeting""<br>Enter Meeting ID: 865 7230 0592<br><br>&nbsp;&nbsp;&nbsp;&nbsp;Password: 491522<br>&nbsp;<br>Or iPhone one-tap:&nbsp;&nbsp;16468769923,86572300592# or 16469313860,86572300592#<br><br>Or Telephone&nbsp;&nbsp;(Mute PC to avoid feedback if using telephone for audio and computer for video.):<br>&nbsp;&nbsp;&nbsp;&nbsp;Dial: +1 646 876 9923 (US Toll) or +1 646 931 3860 (US Toll)<br>&nbsp;&nbsp;&nbsp;&nbsp;833 548 0276 (US Toll Free)<br>&nbsp;&nbsp;&nbsp;&nbsp;833 548 0282 (US Toll Free)<br>&nbsp;&nbsp;&nbsp;&nbsp;877 853 5247 (US Toll Free)<br>&nbsp;&nbsp;&nbsp;&nbsp;888 788 0099 (US Toll Free)<br>&nbsp;&nbsp;&nbsp;&nbsp;Meeting ID: 865 7230 0592&nbsp;",2026-03-05 11:59:17.913000,27562,2026-03-05 09:22:39.403000,43871
136410,2026-03-05,08:30:00,17:00:00,Eastern Standard Time,63618,Depo Summary,Turned In,,,,Atlanta,GA,,,,,2026-03-05 10:20:32.603000,34130,2026-03-05 10:07:35.253000,34130
136415,2026-03-05,11:00:00,16:00:00,Eastern Standard Time,75112,VTC: Court Reporter,New,,GalloMeet Web Conferencing - Oak Boardroom	,All attendees appearing remotely.,REMOTE	,,,,,"Remote Court Reporter Only |&nbsp;&nbsp;All parties to attend remotely<br><br>ZOOM link for ALL parties to appear remotely:<br><br>Join from PC, Mac, Linux, iOS or Android: https://gallo-legal.zoom.us/j/82934441342?pwd=6lHYCzqfk05rt0j6GaLpIhvRZytB2r.1<br>&nbsp;&nbsp;&nbsp;&nbsp;Password: 359470<br><br>or&nbsp;<br><br>Visit https://gallo-legal.zoom.us/<br>Click ""Join Meeting""<br>Enter Meeting ID: 829 3444 1342<br><br>&nbsp;&nbsp;&nbsp;&nbsp;Password: 359470<br>&nbsp;<br>Or iPhone one-tap:&nbsp;&nbsp;16468769923,82934441342# or 16469313860,82934441342#<br><br>Or Telephone&nbsp;&nbsp;(Mute PC to avoid feedback if using telephone for audio and computer for video.):<br>&nbsp;&nbsp;&nbsp;&nbsp;Dial: +1 646 876 9923 (US Toll) or +1 646 931 3860 (US Toll)<br>&nbsp;&nbsp;&nbsp;&nbsp;877 853 5247 (US Toll Free)<br>&nbsp;&nbsp;&nbsp;&nbsp;888 788 0099 (US Toll Free)<br>&nbsp;&nbsp;&nbsp;&nbsp;833 548 0276 (US Toll Free)<br>&nbsp;&nbsp;&nbsp;&nbsp;833 548 0282 (US Toll Free)<br>&nbsp;&nbsp;&nbsp;&nbsp;Meeting ID: 829 3444 1342&nbsp;",2026-03-05 11:11:50.410000,37784,2026-03-05 10:49:25.500000,37784
136416,2026-03-06,14:00:00,16:00:00,Eastern Standard Time,69445,VTC: Court Reporter,Confirmed,,GalloMeet Web Conferencing - Hazel Boardroom,All attendees appearing remotely.,REMOTE,,,,,"Remote Court Reporter Only |&nbsp;&nbsp;All parties to attend remotely<br><br>ZOOM link for ALL parties to appear remotely:<br><br>Join from PC, Mac, Linux, iOS or Android: https://gallo-legal.zoom.us/j/81549672016?pwd=nc2MObpLZ0bWZRlwX1TxWWRgfba1zf.1<br>&nbsp;&nbsp;&nbsp;&nbsp;Password: 313768<br><br>or&nbsp;<br><br>Visit https://gallo-legal.zoom.us/<br>Click ""Join Meeting""<br>Enter Meeting ID: 815 4967 2016<br><br>&nbsp;&nbsp;&nbsp;&nbsp;Password: 313768<br>&nbsp;<br>Or iPhone one-tap:&nbsp;&nbsp;13092053325,81549672016# or 13126266799,81549672016#<br><br>Or Telephone&nbsp;&nbsp;(Mute PC to avoid feedback if using telephone for audio and computer for video.):<br>&nbsp;&nbsp;&nbsp;&nbsp;Dial: +1 309 205 3325 (US Toll) or +1 312 626 6799 (US Toll)<br>&nbsp;&nbsp;&nbsp;&nbsp;833 548 0276 (US Toll Free)<br>&nbsp;&nbsp;&nbsp;&nbsp;833 548 0282 (US Toll Free)<br>&nbsp;&nbsp;&nbsp;&nbsp;877 853 5247 (US Toll Free)<br>&nbsp;&nbsp;&nbsp;&nbsp;888 788 0099 (US Toll Free)<br>&nbsp;&nbsp;&nbsp;&nbsp;Meeting ID: 815 4967 2016&nbsp;",2026-03-05 11:29:47.670000,37784,2026-03-05 10:50:23.867000,43151
136430,2026-04-22,10:00:00,12:00:00,Eastern Standard Time,75120,"Depo: Reporter, Videographer",New,,"Harriss & Hartman Law Firm, P.C.",200 McFarland Avenue,Rossville,GA,30741,,,Court Reporter &amp; Videographer | **ALL parties to appear in-person**,2026-03-05 14:14:37.590000,44077,2026-03-05 13:39:57.360000,44077
136442,2026-04-15,11:00:00,13:00:00,Eastern Standard Time,75125,"Depo: Reporter, Interpreter",New,,"Arnold & Hooks, LLC",416 W Lamar Street,Americus,GA,31709,,,Court Reporter &amp; Interpreter | **ALL parties to appear in-person**<br>Language: Spanish,2026-03-05 16:11:16.250000,44077,2026-03-05 15:14:48.920000,44077
136443,2026-05-14,10:00:00,12:00:00,Eastern Standard Time,75041,"Depo: Reporter, Interpreter",New,,Dawson County Library,342 Allen St.,Dawsonville,GA,30534,,,Court Reporter &amp; Russian Interpreter | **ALL parties to appear in-person**,2026-03-05 15:56:24.323000,43151,2026-03-05 15:19:47.693000,43151
136454,2026-03-30,10:00:00,13:00:00,Eastern Standard Time,70724,"VTC: Reporter, Interpreter",New,,GalloMeet Web Conferencing - Bamboo Boardroom,All attendees appearing remotely.,REMOTE,,,,,"Remote Court Reporter &amp; Interpreter | All parties to attend remotely<br><br><strong><span style=""background-color:#ffff00;"">Language: Tigrinya (Eritrean decent) for Tomas Twelde ONLY</span></strong><br><br>ZOOM link for ALL parties to appear remotely:&nbsp;<br><br>Join from PC, Mac, Linux, iOS or Android: https://gallo-legal.zoom.us/j/84474564998?pwd=Qa7kiJsmOIn2HZDxOm3QCyjrKr1Tpv.1<br>&nbsp;&nbsp;&nbsp;&nbsp;Password: 259373<br><br>or&nbsp;<br><br>Visit https://gallo-legal.zoom.us/<br>Click ""Join Meeting""<br>Enter Meeting ID: 844 7456 4998<br><br>&nbsp;&nbsp;&nbsp;&nbsp;Password: 259373<br>&nbsp;<br>Or iPhone one-tap:&nbsp;&nbsp;16468769923,84474564998# or 16469313860,84474564998#<br><br>Or Telephone&nbsp;&nbsp;(Mute PC to avoid feedback if using telephone for audio and computer for video.):<br>&nbsp;&nbsp;&nbsp;&nbsp;Dial: +1 646 876 9923 (US Toll) or +1 646 931 3860 (US Toll)<br>&nbsp;&nbsp;&nbsp;&nbsp;877 853 5247 (US Toll Free)<br>&nbsp;&nbsp;&nbsp;&nbsp;888 788 0099 (US Toll Free)<br>&nbsp;&nbsp;&nbsp;&nbsp;833 548 0276 (US Toll Free)<br>&nbsp;&nbsp;&nbsp;&nbsp;833 548 0282 (US Toll Free)<br>&nbsp;&nbsp;&nbsp;&nbsp;Meeting ID: 844 7456 4998&nbsp;",2026-03-05 16:41:16.850000,43151,2026-03-05 16:31:01.123000,43151
136464,2026-03-06,10:00:00,12:00:00,Eastern Standard Time,75137,VTC: Court Reporter,New,,GalloMeet Web Conferencing - Red Beech Boardroom,All attendees appearing remotely.,REMOTE,,,,,"Remote Court Reporter Only |&nbsp;&nbsp;All parties to attend remotely<br><br>ZOOM link for ALL parties to appear remotely:<br><br>Join from PC, Mac, Linux, iOS or Android: https://gallo-legal.zoom.us/j/83202010688?pwd=RN2kGeuLefL3SY8koRLwfWCAoHJRfb.1<br>&nbsp;&nbsp;&nbsp;&nbsp;Password: 558700<br><br>or&nbsp;<br><br>Visit https://gallo-legal.zoom.us/<br>Click ""Join Meeting""<br>Enter Meeting ID: 832 0201 0688<br><br>&nbsp;&nbsp;&nbsp;&nbsp;Password: 558700<br>&nbsp;<br>Or iPhone one-tap:&nbsp;&nbsp;16468769923,83202010688# or 16469313860,83202010688#<br><br>Or Telephone&nbsp;&nbsp;(Mute PC to avoid feedback if using telephone for audio and computer for video.):<br>&nbsp;&nbsp;&nbsp;&nbsp;Dial: +1 646 876 9923 (US Toll) or +1 646 931 3860 (US Toll)<br>&nbsp;&nbsp;&nbsp;&nbsp;833 548 0276 (US Toll Free)<br>&nbsp;&nbsp;&nbsp;&nbsp;833 548 0282 (US Toll Free)<br>&nbsp;&nbsp;&nbsp;&nbsp;877 853 5247 (US Toll Free)<br>&nbsp;&nbsp;&nbsp;&nbsp;888 788 0099 (US Toll Free)<br>&nbsp;&nbsp;&nbsp;&nbsp;Meeting ID: 832 0201 0688&nbsp;<br>",2026-03-05 19:40:47.413000,37784,2026-03-05 19:38:24.707000,37784
