JobNo,JobDate,StartTime,EndTime,TimezoneNo,CaseNo,JobType,ScheduledByEmail,JobLocName,JobLocAddress,JobLocCity,JobLocState,JobLocZip,SchedulingNotesHtml,ZoomMeetingId,ConfirmationNotesHtml,LastModified,LastModifiedBy,Entered,EnteredBy
3000,2008-09-04,14:30:00,17:00:00,1017,1000,821,,Miles L. Gammage,216 Main Street,Cedartown,GA,30125,,,,2008-09-09 12:48:30.250000,1001,2008-07-19 09:39:18.877000,1
3065,2008-08-27,14:00:00,17:00:00,1017,1011,822,,Offices of Dr. Christopher Clare,"35 Collier Road
Suite 115",Atlanta,GA,30309,,,,2008-09-02 15:16:48.193000,1000,2008-08-13 13:15:29.160000,1000
3086,2008-08-14,15:00:00,19:00:00,1017,1030,821,,Resurgens Orthopedics,"5665 Peachtree Dunwoody Road, Ste 700",Atlanta,GA,,,,,2008-09-04 13:58:13.543000,1000,2008-08-18 14:58:00.580000,1001
3095,2008-09-09,17:00:00,20:00:00,1017,1011,822,,"Offices of Sutton Orthapaedics & Sports Medicine, P.C.",145 Medical Blvd,Stockbridge,GA,30281,,,,2008-09-05 11:03:24.840000,1000,2008-08-19 11:18:22.423000,1000
3114,2008-09-15,10:00:00,17:00:00,1017,1008,821,,Ridgeview Institute,3995 South Cobb Drive,Smyrna,GA,,,,,2008-10-03 12:57:47.533000,1000,2008-08-25 10:09:21.213000,1000
3115,2008-09-17,10:00:00,17:00:00,1017,1008,821,,Ridgeview Institute,3995 South Cobb Drive,Smyrna,GA,,,,Rescheduled to 09/17/2008,2008-09-12 16:25:57.967000,1001,2008-08-25 10:09:21.387000,1000
3116,2008-09-18,10:00:00,17:00:00,1017,1008,821,,Ridgeview Institute,3995 South Cobb Drive,Smyrna,GA,,,,,2008-10-03 14:32:41.267000,1000,2008-08-25 10:09:21.400000,1000
3117,2008-09-19,10:00:00,20:00:00,1017,1008,821,,Ridgeview Institute,3995 South Cobb Drive,Smyrna,GA,,,,,2008-10-01 15:06:38.493000,1000,2008-08-25 10:09:21.417000,1000
3126,2008-08-29,02:00:00,16:00:00,1017,1004,821,,Georgia Office of the Attorney General,"40 Capitol Square, SW",Atlanta,GA,30334,,,,2012-02-20 16:28:28.037000,1000,2008-08-28 12:12:33.067000,1001
3134,2008-09-04,02:45:00,17:00:00,1017,1004,821,,Georgia Office of the Attorney General,"40 Capitol Square, SW",Atlanta,GA,30334,,,,2012-02-20 16:28:28.037000,1000,2008-09-02 16:24:57.877000,1001
3164,2008-09-23,14:30:00,17:00:00,1017,1000,821,,Miles L. Gammage,216 Main Street,Cedartown,GA,30125,,,,2008-09-30 13:47:50.790000,1000,2008-09-08 15:15:09.340000,1001
3184,2008-09-17,10:00:00,17:00:00,1017,1008,821,,Ridgeview Institute,3995 South Cobb Drive,Smyrna,GA,,,,Rescheduled from 09/17/2008,2008-10-22 13:38:41.757000,1000,2008-09-12 16:25:57.967000,1001
3185,2008-09-24,10:00:00,20:00:00,1017,1008,821,,Ridgeview Institute,3995 South Cobb Drive,Smyrna,GA,,,,,2008-10-02 17:48:17.950000,1001,2008-09-12 16:30:11.217000,1001
3211,2008-10-06,10:00:00,17:00:00,1017,1008,821,,"Hawkins Parnell & Young, LLP","303 Peachtree Street, NE
Suite 4000 - Truist Plaza",Atlanta,GA,30308,,,Rescheduled to 10/06/2008<BR>Rescheduled to 10/06/2008,2008-10-14 14:37:20.830000,1001,2008-09-18 16:11:45.170000,1001
3237,2008-10-09,13:30:00,17:00:00,1017,1008,821,,"Owen, Gleaton, Egan, Jones & Sweeney, LLP","303 Peachtree Street, NE
Suite 2850",Atlanta,GA,30308,,,"I need to confirm the deposition scheduled for October 9, 2008 @ 1:30 for Jeffrey L. Raush, MD to be held at Owen, Gleaton, Egan, Jones &amp; Sweeney.<BR> <BR>",2008-10-29 13:06:15.407000,1000,2008-09-29 12:01:55.150000,1001
3285,2008-10-06,10:00:00,17:00:00,1017,1008,821,,"Hawkins Parnell & Young, LLP","303 Peachtree Street, NE
Suite 4000 - Truist Plaza",Atlanta,GA,30308,,,Rescheduled from 10/06/2008,2008-10-13 13:14:03.437000,1001,2008-10-13 13:13:57.983000,1001
3294,2008-10-06,10:00:00,17:00:00,1017,1008,821,,"Hawkins Parnell & Young, LLP","303 Peachtree Street, NE
Suite 4000 - Truist Plaza",Atlanta,GA,30308,,,Rescheduled to 10/06/2008<BR>Rescheduled from 10/06/2008,2008-10-16 10:50:01.443000,1000,2008-10-14 14:37:20.830000,1001
3295,2008-02-19,10:00:00,12:00:00,1017,1030,821,,,,,,,,,,2008-10-14 14:48:48.067000,1001,2008-10-14 14:45:14.410000,1001
3361,2008-11-17,10:00:00,17:00:00,1017,1008,821,,,"33971 Selva Road
Suite 125",Dana Point,CA,92629,,,,2008-11-12 10:33:43.173000,1000,2008-11-03 11:31:47.060000,1001
3452,2008-12-09,14:00:00,17:00:00,1017,1008,821,,"Hawkins Parnell & Young, LLP","303 Peachtree Street, NE
Suite 4000 - Truist Plaza",Atlanta,GA,30308,,,Requests Lisa,2008-12-17 16:35:31.277000,1001,2008-11-26 18:59:34.460000,1001
3453,2008-12-23,10:00:00,17:00:00,1017,1008,821,,Ridgeview Institute,3995 South Cobb Drive,Smyrna,GA,30080,,,,2008-12-19 16:26:23.597000,1001,2008-11-26 19:03:58.243000,1001
3454,2008-12-10,10:00:00,17:00:00,1017,1008,821,,"Hawkins Parnell & Young, LLP","303 Peachtree Street, NE
Suite 4000 - Truist Plaza",Atlanta,GA,30308,,,,2008-12-08 12:03:36.717000,1001,2008-11-29 13:15:25.323000,1001
3547,2008-07-24,10:20:00,12:01:00,1017,1023,821,,,,,,,,,,2009-01-05 11:59:39.530000,1000,2009-01-05 11:48:45.990000,1000
3560,2009-01-08,11:00:00,13:00:00,1017,1004,821,,Georgia Office of the Attorney General,"40 Capitol Square, SW",Atlanta,GA,30334,,,,2012-02-20 16:28:28.037000,1000,2009-01-06 17:22:13.670000,1001
3907,2009-03-27,10:30:00,12:00:00,1017,1030,821,,ABF Offices,1165 Wilburn Road,Conley,GA,,,,,2009-04-07 10:34:53.333000,1001,2009-03-20 15:14:02.323000,1001
4292,2009-06-02,10:00:00,14:00:00,1017,1027,821,,"Raymond V. Giudice, P.C","280 S. Atlanta Street
Suite 300",Roswell,GA,30075,,,,2009-06-16 12:20:00.523000,1000,2009-05-28 10:51:52.740000,1000
4294,2009-06-04,17:30:00,18:30:00,1017,1030,821,,Resurgens Orthopaedics - Sandy Springs,"5671 Peachtree Dunwoody Road

Suite 900",Atlanta,GA,30342,,,,2009-06-09 09:50:03.410000,1000,2009-05-28 13:49:37.203000,1000
4430,2009-06-30,10:00:00,15:00:00,1017,1027,821,,"Raymond V. Giudice, P.C","280 S. Atlanta Street
Suite 300",Roswell,GA,30075,,,Rescheduled to 07/16/2009,2009-06-25 14:31:04.990000,1000,2009-06-23 16:35:44.840000,1001
4449,2009-07-16,10:00:00,15:00:00,1017,1027,821,,"Raymond V. Giudice, P.C","280 S. Atlanta Street
Suite 300",Roswell,GA,30075,,,Rescheduled from 06/30/2009,2009-07-27 14:54:51.450000,1000,2009-06-25 14:31:04.990000,1000
4739,2009-08-20,10:00:00,12:00:00,1017,1027,821,,"Raymond V. Giudice, P.C","280 S. Atlanta Street
Suite 300",Roswell,GA,30075,,,,2009-09-04 11:26:25,1001,2009-08-17 15:43:14.510000,1001
4901,2009-09-25,15:30:00,16:30:00,1017,1027,821,,"Office of Suzanne J. Ferree, M.D.","1357 Hembree Road
Suite 240",Roswell,GA,30076,,,,2009-10-05 10:08:14.370000,1001,2009-09-21 09:55:59.553000,1001
4920,2009-10-08,17:00:00,18:00:00,1017,1027,821,,"Office of David A. Cohen, M.D.","11660 Alpharetta Highway
Suite 420",Roswell,GA,30076,,,Rescheduled to 10/15/2009,2009-10-06 15:22:12.247000,1001,2009-09-24 10:14:39.883000,1001
4975,2009-10-15,17:00:00,18:00:00,1017,1027,821,,"Office of David A. Cohen, M.D.","11660 Alpharetta Highway
Suite 420",Roswell,GA,30076,,,Rescheduled from 10/08/2009,2009-10-13 16:32:57.123000,1001,2009-10-06 15:22:12.247000,1001
5134,2009-11-23,17:00:00,18:00:00,1017,1027,821,,"Office of David A. Cohen, M.D.","11660 Alpharetta Hwy, Suite 420",Roswell,GA,30076-3879,,,,2009-12-07 15:27:31.220000,1001,2009-11-02 10:28:25.797000,1001
5706,2007-04-05,10:00:00,18:00:00,1017,1027,821,,,,,,,,,,2010-02-23 14:13:13.950000,1000,2010-02-22 15:23:12.293000,1000
