ListNo,ListValue,LastModified,LastModifiedBy,Entered,EnteredBy
2445,Videographer | PiP (Remote Host),2025-12-17 11:41:19.250000,1001,2025-12-17 11:41:19.250000,1001
2408,D Tier,2025-11-13 16:05:26.690000,1001,2024-02-27 08:23:02.553000,30557
2407,C Tier,2025-11-13 16:05:20.380000,1001,2024-02-27 08:22:56.790000,30557
2406,B Tier,2025-11-13 16:05:14.687000,1001,2024-02-27 08:22:50.910000,30557
2405,A Tier,2025-11-13 16:05:09.190000,1001,2024-02-27 08:22:33.127000,30557
2444,Independent Contractor - Florida Rates,2025-11-13 12:36:07.133000,1021,2025-11-13 12:36:07.133000,1021
2022,Florida Rates,2025-11-13 12:27:07.880000,1021,2008-08-12 14:08:16.167000,1001
2442,Videographer | Day-In-Life,2025-11-03 09:15:47.723000,1001,2025-11-03 09:15:47.723000,1001
2441,9. Court Recorder Transcription,2025-09-20 10:12:20.940000,1001,2025-09-20 10:12:20.940000,1001
2440,8. Collections,2025-09-10 15:24:31.657000,1001,2025-09-10 15:23:18.900000,1001
2188,Videographer | Overflow GA Affiliate,2025-08-06 11:56:04.613000,1001,2019-06-18 21:49:46.200000,1001
2292,Videographer | GA Affiliate,2025-08-06 11:55:51.553000,1001,2022-11-18 13:20:18.377000,32900
2288,Videographer | Complex Video,2025-08-06 11:55:02.633000,1001,2022-10-28 11:52:45.787000,32900
2439,Spanish Interpreter - Client Meeting,2025-05-28 10:59:52.840000,27562,2025-05-28 10:59:52.840000,27562
2438,Spanish Interpreter - Client Meeting,2025-05-28 10:51:39.450000,27562,2025-05-28 10:51:39.450000,27562
2181,Videographer | Trial Presentation,2025-05-26 13:27:48.760000,1001,2019-06-08 21:58:59.330000,1001
2287,Exhibit Host,2025-05-26 13:27:31.817000,1001,2022-10-25 12:57:39.917000,32900
2289,Videographer | Exhibit Host,2025-05-26 13:27:25.683000,1001,2022-10-28 11:53:47.370000,32900
2432,Videographer | Recorder - Court,2025-05-26 12:25:29.330000,1001,2025-02-18 15:06:10.553000,27562
2178,Videoconference (GalloMeet),2025-05-26 12:15:58.570000,1001,2019-06-06 19:51:57.687000,1001
2279,Read & Sign,2025-05-26 12:13:52.427000,1001,2022-08-15 09:06:40.317000,32900
2437,USB drive,2025-03-26 12:15:42.083000,39467,2025-03-26 12:15:32.897000,39467
2436,Hold/Takedown,2025-03-13 14:38:44.377000,1001,2025-03-13 14:37:20.483000,1001
2434,Gallo Interpreter - Spanish (Informal),2025-03-10 15:27:17.150000,27562,2025-03-10 15:27:17.150000,27562
2293,,2025-03-05 11:15:45.763000,1001,2023-01-01 21:40:57.930000,1
2433,Copy_Side_Scheduling_Contact_Process,2025-02-26 11:18:39.227000,1001,2025-02-26 11:18:39.227000,1001
2102,Exhibits,2025-02-26 11:18:39.227000,1001,2015-01-09 13:06:08.917000,1001
2431,Recorder - Court,2025-02-18 15:03:39.317000,27562,2025-02-18 15:03:39.317000,27562
2430,Medical Summary,2025-01-29 10:40:34.520000,27562,2025-01-29 10:40:34.520000,27562
2429,Depo Summary,2025-01-29 10:40:25.887000,27562,2025-01-29 10:40:25.887000,27562
2428,Media,2024-12-03 11:00:51.707000,1001,2024-12-03 10:58:54.727000,1001
2154,,2024-12-03 11:00:51.707000,1001,2015-11-04 00:02:06.360000,1
2427,Job Status Communication,2024-11-15 13:23:25.940000,1001,2024-11-15 13:23:25.940000,1001
2426,Tier C,2024-10-29 14:17:38.340000,1001,2024-10-29 14:17:38.340000,1001
2425,Tier B,2024-10-29 14:17:31.530000,1001,2024-10-29 14:17:10.383000,1001
2421,Tier A,2024-10-29 14:17:22.793000,1001,2024-05-03 13:53:52.577000,27562
2424,RUSH,2024-10-22 17:08:07.823000,27562,2024-10-22 17:08:07.823000,27562
2423,SettlePay 50 - Pay Upon Settlement*,2024-06-17 21:34:06.860000,1001,2024-06-17 21:34:06.860000,1001
2422,Gallo Interpreter - Vietnamese,2024-05-20 16:31:16.160000,27562,2024-05-20 16:31:16.160000,27562
2420,Transcribing,2024-05-03 09:18:44.957000,27562,2024-05-03 09:18:44.957000,27562
2419,75% Completed,2024-04-25 12:15:21.223000,27562,2024-04-25 12:14:53.580000,27562
2418,8. Picture In Picture,2024-04-16 10:41:08.603000,27562,2024-04-16 10:41:08.603000,27562
2417,Gallo Interpreter - Spanish,2024-04-04 12:01:04.823000,27562,2024-04-04 12:01:04.823000,27562
2416,Copy,2024-04-04 08:24:45.213000,30557,2024-04-04 08:24:45.213000,30557
2415,Gallo Interpreter - Spanish,2024-04-03 16:40:43.960000,27562,2024-04-03 16:40:43.960000,27562
2413,Follow Up,2024-02-27 16:35:28.343000,27562,2024-02-27 16:35:28.343000,27562
2412,D Tier,2024-02-27 08:24:56.897000,30557,2024-02-27 08:24:56.897000,30557
2411,C Tier,2024-02-27 08:24:52.893000,30557,2024-02-27 08:24:52.893000,30557
2410,B Tier,2024-02-27 08:24:49.073000,30557,2024-02-27 08:24:49.073000,30557
2409,A Tier,2024-02-27 08:24:44.743000,30557,2024-02-27 08:24:44.743000,30557
2404,Hooters/HOA Brands,2023-12-26 14:34:48.947000,1001,2023-12-26 14:34:21.837000,1001
452,6. RealTime,2023-09-19 12:55:07.467000,34758,2006-04-11 13:57:57.820000,1
2401,3d. Insurance >2hrs,2023-09-19 12:54:52.837000,34758,2023-09-19 12:45:00.323000,34758
2400,3c. After-Hours,2023-09-19 12:54:44.627000,34758,2023-09-19 12:30:21.460000,34758
2378,7. Asbestos Work,2023-09-19 12:54:31.107000,34758,2023-02-12 16:08:53.983000,1001
2379,3b.  All-Day Depos,2023-09-19 12:54:01.880000,34758,2023-02-12 16:09:45.987000,1001
2023,5. Rough ASCII / Daily / Rush,2023-09-19 12:53:15.680000,34758,2008-08-22 12:12:59.117000,1001
2376,3a. Insurance / Comp / Short PI Work,2023-09-19 12:53:01.630000,34758,2023-02-12 16:07:33.180000,1001
2402,3. Medical/Technical/Expert,2023-09-19 12:52:52.343000,34758,2023-09-19 12:51:03.030000,34758
450,1. In-Person,2023-09-19 12:52:07.167000,34758,2006-04-11 13:57:57.820000,1
2018,2a. Videotaped,2023-09-19 12:51:31.567000,34758,2008-07-30 10:13:08.500000,1001
2076,2. Laptop / Hybrid,2023-09-19 12:51:26.550000,34758,2013-04-29 11:42:42.323000,1001
455,1a. Remote,2023-09-19 12:51:20.640000,34758,2006-04-11 13:57:57.820000,1
2389,4. Arbitration,2023-09-19 12:49:48.190000,34758,2023-02-16 09:36:45.120000,32900
2375,4a. Court / Trial,2023-09-19 12:49:39.207000,34758,2023-02-12 16:06:52.783000,1001
2399,Sales Rep,2023-03-24 09:50:58.150000,30557,2023-03-24 09:50:58.150000,30557
2398,YesLaw Signature,2023-03-08 16:10:45.750000,32900,2023-03-08 16:10:45.750000,32900
2397,Digital Business Card,2023-03-08 16:10:40.500000,32900,2023-03-08 16:10:40.500000,32900
2396,W9,2023-03-08 16:10:29.533000,32900,2023-03-08 16:10:29.533000,32900
2395,Z. Non Legal Video Job,2023-03-07 17:13:16.173000,33085,2023-03-07 17:12:34.433000,33085
2392,CART,2023-02-23 10:32:55.297000,32900,2023-02-23 10:32:55.297000,32900
1110,Ancillary International,2023-02-18 18:14:13.790000,1001,2006-04-11 13:57:57.850000,1
2391,Tier 7 - Zone 7 Rates,2023-02-17 15:08:33.733000,1001,2023-02-17 15:08:33.733000,1001
2390,Tier 6 - Zone 6 Rates,2023-02-17 15:08:19.107000,1001,2023-02-17 15:08:19.107000,1001
2388,NCRA,2023-02-14 16:49:39.470000,32900,2023-02-14 16:49:39.470000,32900
2296,Final Review,2023-02-14 16:45:08.300000,1001,2023-01-01 21:40:57.987000,1
2295,Scoping,2023-02-14 16:44:55.747000,1001,2023-01-01 21:40:57.987000,1
2294,Proofing,2023-02-14 16:44:50.157000,1001,2023-01-01 21:40:57.977000,1
2387,CSR,2023-02-14 11:14:22.237000,32900,2023-02-14 11:14:22.237000,32900
2386,CVR,2023-02-14 11:03:26.197000,32900,2023-02-14 11:03:26.197000,32900
2304,6. Does Not Network,2023-02-14 09:31:08.260000,32900,2023-02-10 14:52:45.950000,32900
2380,2x.  Affiliate Firm - Nationwide $$,2023-02-13 15:14:09.453000,32900,2023-02-13 10:00:20.887000,32900
2381,2y.  Affiliate Firm - Nationwide $$S,2023-02-13 15:14:03.547000,32900,2023-02-13 10:00:30.687000,32900
421,1z.  Affiliates/Firms - Georgia $$$$,2023-02-13 15:13:51.350000,32900,2006-04-11 13:57:57.803000,1
2385,2d. Staff:  Nationwide - Zone 4,2023-02-13 10:01:55.963000,32900,2023-02-13 10:01:55.963000,32900
2384,2c. Staff:  Nationwide - Zone 3,2023-02-13 10:01:43.477000,32900,2023-02-13 10:01:43.477000,32900
2383,2b. Staff:  Nationwide - Zone 2,2023-02-13 10:01:32.380000,32900,2023-02-13 10:01:32.380000,32900
2382,2z.  Affiliate Firm - Nationwide $$$$,2023-02-13 10:00:39.913000,32900,2023-02-13 10:00:39.913000,32900
420,2w.  Affiliate Firm - Nationwide $,2023-02-13 10:00:05.270000,32900,2006-04-11 13:57:57.803000,1
405,Reporter,2023-02-13 09:41:01.547000,32900,2006-04-11 13:57:57.803000,1
441,Tennessee,2023-02-12 16:40:25.320000,1001,2006-04-11 13:57:57.820000,1
440,Georgia,2023-02-12 16:40:21.143000,1001,2006-04-11 13:57:57.820000,1
2004,CCR,2023-02-12 16:40:10.070000,1001,2008-07-18 22:34:37.587000,1
446,Alabama,2023-02-12 16:39:29.280000,1001,2006-04-11 13:57:57.820000,1
2374,Interpreter - Polish,2023-02-11 20:17:17.017000,1001,2023-02-11 20:17:17.017000,1001
2373,Interpreter - Mandarin,2023-02-11 20:12:47.957000,1001,2023-02-11 20:12:47.957000,1001
2372,Interpreter - Chinese,2023-02-11 20:08:45.797000,1001,2023-02-11 20:08:45.797000,1001
2371,Interpreter - Russian,2023-02-11 20:07:58.067000,1001,2023-02-11 20:07:58.067000,1001
2370,Interpreter - Bosnian,2023-02-11 20:02:49.017000,1001,2023-02-11 20:02:49.017000,1001
2369,Interpreter - Albanian,2023-02-11 20:01:17.200000,1001,2023-02-11 20:01:17.200000,1001
2368,Interpreter - Hindi,2023-02-11 19:52:05.707000,1001,2023-02-11 19:52:05.707000,1001
2367,Interpreter - Portuguese,2023-02-11 19:49:17.277000,1001,2023-02-11 19:49:17.277000,1001
2366,Interpreter - Arabic,2023-02-11 19:40:40.713000,1001,2023-02-11 19:40:40.713000,1001
2365,Interpreter - Farsi,2023-02-11 19:28:42.490000,1001,2023-02-11 19:28:42.490000,1001
2364,Interpreter - Sign Language,2023-02-11 19:26:21.080000,1001,2023-02-11 19:26:21.080000,1001
2363,Interpreter - Vietnamese,2023-02-11 19:14:37.590000,1001,2023-02-11 19:14:37.590000,1001
2362,Interpreter - Company,2023-02-11 19:14:28.600000,1001,2023-02-11 19:14:28.600000,1001
2361,Interpreter - Spanish,2023-02-11 19:10:24.443000,1001,2023-02-11 19:10:24.443000,1001
2360,Interpreter - Korean,2023-02-11 19:10:17.253000,1001,2023-02-11 19:10:17.253000,1001
2359,Wyoming (WY) Certification,2023-02-11 16:32:39.260000,1001,2023-02-11 16:32:39.260000,1001
2358,Wisconsin (WI) Certification,2023-02-11 16:32:28.467000,1001,2023-02-11 16:32:28.467000,1001
2357,West Virginia (WV) Certification,2023-02-11 16:32:19.610000,1001,2023-02-11 16:32:19.610000,1001
2356,Washington (WA) Certification,2023-02-11 16:32:05.633000,1001,2023-02-11 16:32:05.633000,1001
2355,Virginia (VA) Certification,2023-02-11 16:31:53.863000,1001,2023-02-11 16:31:53.863000,1001
2354,Vermont (VT) Certification,2023-02-11 16:31:42.800000,1001,2023-02-11 16:31:42.800000,1001
2353,Utah (UT) Certification,2023-02-11 16:31:24.563000,1001,2023-02-11 16:31:24.563000,1001
2352,Texas (TX) Certification,2023-02-11 16:31:13.260000,1001,2023-02-11 16:31:13.260000,1001
2351,Tennessee (TN) Certification,2023-02-11 16:31:02.143000,1001,2023-02-11 16:31:02.143000,1001
2350,South Dakota (SD) Certification,2023-02-11 16:30:51.970000,1001,2023-02-11 16:30:51.970000,1001
2349,South Carolina (SC) Certification	,2023-02-11 16:30:35.293000,1001,2023-02-11 16:30:35.293000,1001
2348,Rhode Island (RI) Certification,2023-02-11 16:30:19.253000,1001,2023-02-11 16:30:19.253000,1001
2347,Pennsylvania (PA) Certification,2023-02-11 16:30:06.510000,1001,2023-02-11 16:30:06.510000,1001
2346,Oregon (OR) Certification,2023-02-11 16:29:58.597000,1001,2023-02-11 16:29:58.597000,1001
2345,Oklahoma (OK) Certification,2023-02-11 16:29:43.697000,1001,2023-02-11 16:29:43.697000,1001
2344,Ohio (OH) Certification,2023-02-11 16:29:33.380000,1001,2023-02-11 16:29:33.380000,1001
2343,North Dakota (ND) Certification,2023-02-11 16:29:23.003000,1001,2023-02-11 16:29:23.003000,1001
2342,North Carolina	(NC) Certification,2023-02-11 16:29:08.377000,1001,2023-02-11 16:29:08.377000,1001
2341,New York	(NY) Certification,2023-02-11 16:28:57.980000,1001,2023-02-11 16:28:57.980000,1001
2340,New Mexico (NM) Certification,2023-02-11 16:28:40.227000,1001,2023-02-11 16:28:40.227000,1001
2339,New Jersey (NJ) Certification,2023-02-11 16:28:26.547000,1001,2023-02-11 16:28:26.547000,1001
2338,New Hampshire (NH) Certification,2023-02-11 16:28:13.467000,1001,2023-02-11 16:28:13.467000,1001
2337,Nevada (NV) Certification,2023-02-11 16:28:01.163000,1001,2023-02-11 16:28:01.163000,1001
2336,Nebraska (NE) Certification,2023-02-11 16:27:50.303000,1001,2023-02-11 16:27:50.303000,1001
2335,Montana (MT) Certification,2023-02-11 16:27:37.083000,1001,2023-02-11 16:27:37.083000,1001
2334,Missouri (MO) Certification,2023-02-11 16:27:25.770000,1001,2023-02-11 16:27:25.770000,1001
2333,Mississippi (MS) Certification,2023-02-11 16:27:19.080000,1001,2023-02-11 16:27:19.080000,1001
2332,Minnesota (MN) Certification,2023-02-11 16:27:04.827000,1001,2023-02-11 16:27:04.827000,1001
2331,Michigan (MI) Certification,2023-02-11 16:26:57.027000,1001,2023-02-11 16:26:57.027000,1001
2330,Massachusetts (MA) Certification,2023-02-11 16:26:45.760000,1001,2023-02-11 16:26:45.760000,1001
2329,Maryland (MD) Certification,2023-02-11 16:26:33.273000,1001,2023-02-11 16:26:33.273000,1001
2328,Maine (ME) Certification,2023-02-11 16:26:24.007000,1001,2023-02-11 16:26:24.007000,1001
2327,Louisiana (LA) Certification,2023-02-11 16:26:09.523000,1001,2023-02-11 16:26:09.523000,1001
2326,Kentucky (KY) Certification,2023-02-11 16:25:59.443000,1001,2023-02-11 16:25:59.443000,1001
2325,Kansas (KS) Certification,2023-02-11 16:25:49.610000,1001,2023-02-11 16:25:49.610000,1001
2324,Iowa (IA) Certification,2023-02-11 16:25:39.580000,1001,2023-02-11 16:25:39.580000,1001
2323,Indiana (IN) Certification,2023-02-11 16:25:31.953000,1001,2023-02-11 16:25:31.953000,1001
2322,Illinois (IL) Certification,2023-02-11 16:25:17.870000,1001,2023-02-11 16:25:17.870000,1001
2321,Idaho (ID) Certification,2023-02-11 16:25:10.213000,1001,2023-02-11 16:25:10.213000,1001
2320,Hawaii (HI) Certification,2023-02-11 16:24:56.460000,1001,2023-02-11 16:24:56.460000,1001
2319,Florida (FL) Certification,2023-02-11 16:24:44.863000,1001,2023-02-11 16:24:44.863000,1001
2318,Delaware (DE) Certification,2023-02-11 16:24:33.067000,1001,2023-02-11 16:24:33.067000,1001
2317,Connecticut (CT) Certification,2023-02-11 16:24:18.520000,1001,2023-02-11 16:24:18.520000,1001
2316,Colorado (CO) Certification,2023-02-11 16:24:05.487000,1001,2023-02-11 16:24:05.487000,1001
2315,California (CA) Certification,2023-02-11 16:23:51.687000,1001,2023-02-11 16:23:51.687000,1001
2314,Arkansas (AR) Certification,2023-02-11 16:23:38.653000,1001,2023-02-11 16:23:38.653000,1001
2313,Arizona (AZ) Certification,2023-02-11 16:23:16.140000,1001,2023-02-11 16:23:16.140000,1001
2312,Alaska (AK) Certification,2023-02-11 16:22:58.510000,1001,2023-02-11 16:22:58.510000,1001
2311,Alabama (AL) Certification,2023-02-11 16:22:15.420000,1001,2023-02-11 16:22:15.420000,1001
470,Georgia (GA) Certification,2023-02-11 16:18:28.940000,1001,2012-12-03 10:20:18.183000,1
423,,2023-02-11 16:12:07.253000,1001,2006-04-11 13:57:57.803000,1
2310,1z.  Affiliates/Firms - Georgia $,2023-02-11 15:02:58.197000,1001,2023-02-11 15:02:28.823000,1001
2280,Court Reporter | Steno,2023-02-11 14:46:57.817000,1001,2022-08-26 13:14:07.307000,32900
400,,2023-02-11 14:43:30.580000,1001,2006-04-11 13:57:57.803000,1
454,$$$,2023-02-11 14:43:08.607000,1001,2006-04-11 13:57:57.820000,1
451,$$,2023-02-11 14:43:02.977000,1001,2006-04-11 13:57:57.820000,1
453,$,2023-02-11 14:42:56.740000,1001,2006-04-11 13:57:57.820000,1
435,Weekly,2023-02-11 14:33:50.160000,1001,2006-04-11 13:57:57.820000,1
2302,Interpreter - Language,2023-02-11 14:01:50.430000,1001,2023-02-10 13:05:31.550000,32900
2309,9a. Student,2023-02-10 23:25:59.010000,1001,2023-02-10 23:25:59.010000,1001
2305,9b. Out of Rotation,2023-02-10 23:25:38.613000,1001,2023-02-10 20:56:03.687000,1001
2308,2a. Staff:  Nationwide - Zone 1,2023-02-10 23:05:58.830000,1001,2023-02-10 23:05:58.830000,1001
2306,1c. Staff:  Overflow Georgia - Zone 1,2023-02-10 23:04:45.210000,1001,2023-02-10 22:38:13.550000,1001
2297,1f. Staff:  Overflow Georgia - Zone 4,2023-02-10 22:50:37.950000,1001,2023-01-05 16:29:56.360000,32900
2307,1b. Staff:  Videographers Georgia,2023-02-10 22:50:14.390000,1001,2023-02-10 22:38:30.737000,1001
422,1a. Staff:  Priority Georgia,2023-02-10 22:41:27.440000,1001,2006-04-11 13:57:57.803000,1
401,Account Manager,2023-02-10 20:48:06.747000,1001,2006-04-11 13:57:57.803000,1
2044,Process Server,2023-02-10 20:47:53.553000,1001,2011-02-04 16:17:26.227000,1001
2303,Videographer Overflow,2023-02-10 13:06:21.520000,32900,2023-02-10 13:06:21.520000,32900
2301,Scopist/Proofer/Transciber,2023-02-10 13:05:25.987000,32900,2023-02-10 13:03:27.143000,32900
2300,Independent Contractor - Tier 2 Rates,2023-02-10 12:30:42.907000,1001,2023-02-10 12:30:42.907000,1001
2299,Independent Contractor - Tier 5 Rates,2023-02-10 11:09:46.870000,1001,2023-02-10 11:09:46.870000,1001
2298,Independent Contractor - Tier 4 Rates,2023-02-10 11:09:38.790000,1001,2023-02-10 11:09:38.790000,1001
2169,Trial & Video Services,2023-02-10 11:07:59.310000,1001,2018-01-05 11:43:35.340000,1001
2029,Workers' Comp - EUOs,2023-02-10 11:07:53.833000,1001,2008-10-16 14:20:06.800000,1001
2252,Tier 5 - Zone 5 Rates,2023-02-10 10:18:26.807000,1001,2020-01-08 14:19:12.803000,1001
2149,Tier 4 - Zone 4 Rates,2023-02-10 10:18:10.950000,1001,2015-06-30 17:41:59.330000,1001
2148,Tier 3 - Zone 3 Rates,2023-02-10 10:10:24.817000,1001,2015-06-30 17:41:53.570000,1001
2147,Tier 2 - Zone 2 Rates,2023-02-09 14:55:35.243000,1001,2015-06-30 17:41:48.257000,1001
2141,Tier 1 - Zone 1 Rates,2023-02-09 14:55:23.257000,1001,2015-06-08 14:50:40.680000,1001
2172,15-Day Employee,2023-01-05 16:32:35.857000,32900,2018-02-02 09:20:54.137000,1001
2171,15-Day Independent Contractor,2023-01-05 16:32:26.350000,32900,2018-02-02 09:20:46.183000,1001
2033,Ind. Contractor(Staff Only),2023-01-05 16:32:12.500000,32900,2009-01-03 19:39:06.150000,1001
130,Standard,2023-01-05 02:16:52.760000,1001,2006-04-11 13:57:57.790000,1
430,,2023-01-01 13:32:11.250000,1001,2006-04-11 13:57:57.820000,1
432,Monthly,2023-01-01 13:30:23.283000,1001,2006-04-11 13:57:57.820000,1
433,On Demand,2023-01-01 13:29:03.990000,1001,2006-04-11 13:57:57.820000,1
431,Biweekly,2023-01-01 13:28:55.423000,1001,2006-04-11 13:57:57.820000,1
2264,New - Confirmation Sent to Client,2022-12-14 13:19:29.897000,1001,2022-01-30 12:20:57.360000,1001
2291,Videographer | Site Visit,2022-11-14 15:57:40.850000,32900,2022-11-14 15:57:40.850000,32900
2290,Court Reporter | GA Affiliate,2022-11-02 12:46:10.070000,32900,2022-11-02 12:46:10.070000,32900
2185,Court Reporter | Overflow,2022-11-02 12:45:49.750000,32900,2019-06-18 15:14:12.277000,1001
2186,Court Reporter | Out of State,2022-10-28 11:55:15.767000,32900,2019-06-18 15:16:19.860000,1001
2187,Videographer | Out of State,2022-10-28 11:54:20.210000,32900,2019-06-18 21:49:15.547000,1001
2183,Videographer | Picture-in-Picture,2022-10-28 11:52:09.867000,32900,2019-06-11 21:49:01.343000,1001
2166,"Videographer, Interpreter & Reporter",2022-10-25 12:56:52.053000,32900,2017-07-07 10:09:54.873000,1001
2286,IP Read & Sign,2022-09-26 13:41:42.283000,32900,2022-09-26 13:41:42.283000,32900
2285,VTC Read & Sign,2022-09-26 13:41:31.067000,32900,2022-09-26 13:41:31.067000,32900
2284,Court Reporter | Steno & Digital,2022-08-26 13:14:43.260000,32900,2022-08-26 13:14:43.260000,32900
2283,Court Reporter | Voice & Digital,2022-08-26 13:14:33.813000,32900,2022-08-26 13:14:33.813000,32900
2282,Court Reporter | Digital,2022-08-26 13:14:22.017000,32900,2022-08-26 13:14:22.017000,32900
2281,Court Reporter | Voice,2022-08-26 13:14:13.687000,32900,2022-08-26 13:14:13.687000,32900
2278,Audio: Interview/Meeting,2022-08-12 15:53:59.087000,32900,2022-08-12 15:53:59.087000,32900
2277,Audio: Depo/Hearing,2022-08-12 15:53:47.393000,32900,2022-08-12 15:53:47.393000,32900
2276,Court Reporter | Laptop,2022-08-09 09:50:46.313000,32900,2022-08-09 09:50:46.313000,32900
2275,Hybrid: Videographer Only,2022-08-09 09:50:07.383000,32900,2022-08-09 09:50:07.383000,32900
2274,"Hybrid: Reporter, Video & Interpreter",2022-08-09 09:49:58.377000,32900,2022-08-09 09:49:58.377000,32900
2273,"Hybrid: Reporter, Videographer",2022-08-09 09:49:12.673000,32900,2022-08-09 09:49:12.673000,32900
2272,"Hybrid: Reporter, Interpreter",2022-08-09 09:48:56.947000,32900,2022-08-09 09:48:56.947000,32900
2271,Hybrid: Court Reporter,2022-08-09 09:47:53.890000,32900,2022-08-09 09:47:53.890000,32900
2270,Court Reporter | Rough & Rush,2022-07-28 13:32:47.343000,32900,2022-07-28 13:32:47.343000,32900
2269,Court Reporter | Rush,2022-07-28 13:32:35.610000,32900,2022-07-28 13:32:35.610000,32900
2268,Court Reporter | Rough,2022-07-28 13:32:24.913000,32900,2022-07-28 13:32:24.913000,32900
2267,Court Reporter | Realtime,2022-07-28 13:32:13.237000,32900,2022-07-28 13:32:13.237000,32900
1204,FedEx,2022-02-15 09:53:08.090000,1001,2006-04-11 13:57:57.850000,1
1200,Not Applicable,2022-02-15 09:53:08.090000,1001,2006-04-11 13:57:57.850000,1
2266,2022 Touching Base Email,2022-02-09 17:13:25.770000,1001,2022-02-09 17:13:25.770000,1001
2156,Portal Welcome Email Sent,2022-02-03 23:08:04.960000,1001,2016-09-02 14:17:04.903000,1001
2050,On The Way Courier,2022-02-03 23:03:41.303000,1001,2012-04-19 16:27:45.250000,1001
2263,Shadow,2021-12-07 14:01:19.817000,1001,2021-12-07 14:01:19.817000,1001
2262,Videographer,2021-07-01 11:29:54.710000,1001,2021-07-01 11:29:54.710000,1001
2261,Video,2021-07-01 11:29:43.430000,1001,2021-07-01 11:29:43.430000,1001
2260,Accounts Receivable Manager,2021-06-09 15:58:35.460000,1001,2021-06-09 15:58:35.460000,1001
2259,Production Manager,2021-01-27 10:12:06.740000,1001,2021-01-27 10:12:06.740000,1001
2258,Remote Deposition,2020-03-25 20:25:41.257000,1001,2020-03-25 20:25:41.257000,1001
2257,CART,2020-01-24 11:59:00.183000,1001,2020-01-24 11:59:00.183000,1001
2256,Standard Deposition - ZONE 5,2020-01-22 12:48:34.663000,1001,2020-01-22 12:48:34.663000,1001
2255,Standard Deposition - ZONE 4,2020-01-22 12:48:30.430000,1001,2020-01-22 12:48:30.430000,1001
2254,Standard Deposition - ZONE 3,2020-01-22 12:48:24.680000,1001,2020-01-22 12:48:24.680000,1001
2253,Standard Deposition - ZONE 2,2020-01-22 12:48:19.513000,1001,2020-01-22 12:48:19.513000,1001
1111,Standard Deposition - ZONE 1,2020-01-22 12:47:52.657000,1001,2006-04-11 13:57:57.850000,1
2028,United Auto,2020-01-08 14:18:35.403000,1001,2008-10-16 14:19:53.313000,1001
822,Videographer & Court Reporter,2019-11-18 11:38:01.660000,1001,2006-04-11 13:57:57.837000,1
2083,Video Rough ASCII Arbitration,2019-11-18 11:37:50.270000,1001,2014-03-05 14:23:37.840000,1001
2238,"Trial: Reporter, Video, Interpreter",2019-11-18 11:37:29.427000,1001,2019-11-18 11:16:48.623000,1001
2237,"Trial: Reporter, Interpreter",2019-11-18 11:37:23.267000,1001,2019-11-18 11:16:28.187000,1001
2230,"Rush/Rough: Reporter, Videographer",2019-11-18 11:37:15.680000,1001,2019-11-18 11:11:27.047000,1001
2232,"Rush/Rough: Reporter, Video, Interpreter",2019-11-18 11:37:09.003000,1001,2019-11-18 11:11:51.790000,1001
2231,"Rush/Rough: Reporter, Interpreter",2019-11-18 11:37:01.947000,1001,2019-11-18 11:11:35.747000,1001
2228,"Realtime: Reporter, Interpreter",2019-11-18 11:36:56.350000,1001,2019-11-18 11:10:56.247000,1001
2248,Meeting: Videographer Only,2019-11-18 11:36:48.670000,1001,2019-11-18 11:20:16.143000,1001
2249,"Meeting: Reporter, Videographer",2019-11-18 11:36:42.120000,1001,2019-11-18 11:20:22.413000,1001
2251,"Meeting: Reporter, Video, Interpreter",2019-11-18 11:36:36.147000,1001,2019-11-18 11:20:34.180000,1001
2245,"Mediation: Reporter, Videographer",2019-11-18 11:36:28.663000,1001,2019-11-18 11:18:47.520000,1001
2247,"Mediation: Reporter, Video, Interpreter",2019-11-18 11:36:22.397000,1001,2019-11-18 11:19:02.687000,1001
2241,"Hearing: Reporter, Video, Interpreter",2019-11-18 11:36:15.423000,1001,2019-11-18 11:17:15.593000,1001
2250,"Meeting: Reporter, Interpreter",2019-11-18 11:36:02.590000,1001,2019-11-18 11:20:28.227000,1001
2246,"Mediation: Reporter, Interpreter",2019-11-18 11:35:53.390000,1001,2019-11-18 11:18:58.180000,1001
2240,"Hearing: Reporter, Interpreter",2019-11-18 11:35:44.430000,1001,2019-11-18 11:17:09.570000,1001
2235,"EUO: Reporter, Videographer, Interpreter",2019-11-18 11:35:32.823000,1001,2019-11-18 11:15:19.287000,1001
2233,"EUO: Reporter, Videographer",2019-11-18 11:35:26.810000,1001,2019-11-18 11:14:59.847000,1001
2234,"EUO: Reporter, Interpreter",2019-11-18 11:35:13.277000,1001,2019-11-18 11:15:10.993000,1001
2221,"Depo: Reporter, Videographer",2019-11-18 11:35:06.210000,1001,2019-11-18 10:56:34.283000,1001
2223,"Depo: Reporter, Video, Interpreter",2019-11-18 11:34:59.213000,1001,2019-11-18 10:56:47.463000,1001
2224,"Cross-Depo: Reporter, Videographer",2019-11-18 11:34:49.393000,1001,2019-11-18 11:08:41.073000,1001
2226,"Cross-Depo: Reporter, Video, Interpreter",2019-11-18 11:23:59.993000,1001,2019-11-18 11:09:17.570000,1001
2225,"Cross-Depo: Reporter, Interpreter",2019-11-18 11:23:39.947000,1001,2019-11-18 11:08:50.290000,1001
2242,"Arbitration: Reporter, Videographer",2019-11-18 11:23:26.530000,1001,2019-11-18 11:18:11.420000,1001
2244,"Arbitration: Reporter, Video, Interprete",2019-11-18 11:23:20.930000,1001,2019-11-18 11:18:25.020000,1001
2243,"Arbitration: Reporter, Interpreter",2019-11-18 11:23:14.627000,1001,2019-11-18 11:18:18.737000,1001
2062,Process Server,2019-11-18 11:22:54.467000,1001,2012-04-26 13:57:53.560000,1001
2051,Expedited Deposition,2019-11-18 11:22:43.390000,1001,2012-04-20 14:28:21.820000,1001
2069,Conference Room Only,2019-11-18 11:22:14.467000,1001,2012-09-13 14:36:27.700000,1001
2084,Skype/Web,2019-11-18 11:21:56.057000,1001,2014-04-25 10:48:22.463000,1001
2046,Recording,2019-11-18 11:21:39.377000,1001,2012-04-16 16:59:42.240000,1001
2045,Recording/Audio,2019-11-18 11:21:23.897000,1001,2012-04-16 16:59:32.167000,1001
2047,Board of Commissioners Meeting,2019-11-18 11:20:49.913000,1001,2012-04-16 17:00:26.343000,1001
2068,Interpreter Only,2019-11-18 11:19:21.857000,1001,2012-09-13 13:12:44.490000,1001
2027,Arbitration: Court Reporter Only,2019-11-18 11:17:34.747000,1001,2008-09-12 12:18:59.573000,1000
2239,"Hearing: Reporter, Videographer",2019-11-18 11:17:02.173000,1001,2019-11-18 11:17:02.173000,1001
2236,"Trial: Reporter, Videographer",2019-11-18 11:16:19.140000,1001,2019-11-18 11:16:19.140000,1001
2039,Video Rough ASCII Depo,2019-11-18 11:13:06.407000,1001,2010-03-10 11:35:05.327000,1001
2168,"Videographer, Videoconference & Reporter",2019-11-18 11:12:41.793000,1001,2017-09-13 12:22:05.830000,1001
2229,"Realtime: Reporter, Video, Interpreter",2019-11-18 11:11:13.167000,1001,2019-11-18 11:11:13.167000,1001
2227,"Realtime: Reporter, Videographer",2019-11-18 11:10:47.477000,1001,2019-11-18 11:10:47.477000,1001
2020,Meeting: Court Reporter Only,2019-11-18 11:09:53.170000,1001,2008-08-11 14:35:44.427000,1001
2198,VTC: Videographer,2019-11-18 11:05:53.280000,1001,2019-06-27 13:18:25.703000,1001
2196,"VTC: Reporter, Videographer",2019-11-18 11:04:46.710000,1001,2019-06-27 13:17:17.153000,1001
2195,"VTC: Reporter, Videographer, Interpreter",2019-11-18 11:04:19.240000,1001,2019-06-27 13:16:34.620000,1001
2197,"VTC: Reporter, Interpreter",2019-11-18 11:03:59.037000,1001,2019-06-27 13:18:08.517000,1001
2043,VTC: Court Reporter,2019-11-18 11:03:37.930000,1001,2010-11-04 16:31:07.200000,1001
2036,Realtime: Court Reporter Only,2019-11-18 11:03:11.483000,1001,2010-03-10 11:34:28.640000,1001
2041,Mediation: Court Reporter Only,2019-11-18 11:02:37.733000,1001,2010-07-23 12:29:43.470000,1001
2019,Hearing: Court Reporter Only,2019-11-18 11:02:25.177000,1001,2008-08-11 14:35:38.690000,1001
2040,Trial: Court Reporter Only,2019-11-18 11:02:08.537000,1001,2010-04-15 15:29:39.040000,1001
2038,Rush/Rough: Court Reporter Only,2019-11-18 11:01:40.873000,1001,2010-03-10 11:34:57.217000,1001
2021,EUO: Court Reporter Only,2019-11-18 11:01:10.433000,1001,2008-08-12 10:39:40.170000,1001
2167,"Depo: Reporter, Interpreter",2019-11-18 11:00:28.190000,1001,2017-07-07 10:10:43.543000,1001
821,Depo: Court Reporter Only,2019-11-18 10:59:29.467000,1001,2006-04-11 13:57:57.837000,1
2081,Cross-Depo: Court Reporter Only,2019-11-18 10:57:39.917000,1001,2014-02-06 13:45:17.370000,1001
2219,C-Backorder Form,2019-11-01 15:18:45.077000,26547,2019-11-01 15:17:23.390000,26547
2218,O-Backorder Form,2019-11-01 15:17:09.663000,26547,2019-11-01 15:17:09.663000,26547
2217,Backorder,2019-10-23 22:05:33.593000,1001,2019-10-23 22:05:33.593000,1001
2216,Scheduling Coordinator,2019-10-16 16:29:29.533000,1001,2019-10-16 16:29:29.533000,1001
2011,Photo - Video Only,2019-09-23 22:48:08.803000,1001,2008-07-22 10:42:54.097000,1001
1000,Copy Order,2019-09-12 10:42:43.890000,25608,2006-04-11 13:57:57.850000,1
154,Net 30,2019-09-11 20:56:17.987000,1001,2006-04-11 13:57:57.790000,1
152,Due upon receipt,2019-09-11 20:56:17.987000,1001,2006-04-11 13:57:57.790000,1
1009,Billing Sheet,2019-09-09 15:22:12.553000,1001,2006-05-23 10:08:51.620000,1
463,Sick - OFF,2019-09-05 18:28:15.677000,1001,2006-04-11 13:57:57.820000,1
464,Workload - OFF,2019-09-05 18:27:43.810000,1001,2006-04-11 13:57:57.820000,1
2042,Mental Health Day,2019-09-05 18:27:35.063000,1001,2010-11-04 16:30:31.147000,1001
461,Holiday,2019-09-05 18:27:23.690000,1001,2006-04-11 13:57:57.820000,1
460,Business,2019-09-05 18:27:17.943000,1001,2006-04-11 13:57:57.820000,1
462,Personal - OFF,2019-09-05 18:26:30.550000,1001,2006-04-11 13:57:57.820000,1
465,On Call,2019-09-05 18:17:37.480000,1001,2006-04-11 13:57:57.820000,1
2215,Light,2019-09-05 18:15:39.670000,1001,2019-09-05 18:15:39.670000,1001
2214,Light or OFF,2019-09-05 18:15:31.870000,1001,2019-09-05 18:15:31.870000,1001
2152,Errata - Late-Filed Executed Errata,2019-08-23 17:25:45.203000,1001,2015-08-28 12:22:00.153000,1001
2151,Errata - Executed Errata,2019-08-23 17:25:32.270000,1001,2015-08-10 09:31:42.780000,1001
1015,ASCII,2019-08-23 17:25:18.280000,1001,2013-10-21 20:32:27.387000,1
2153,Affiliate Worksheet,2019-08-23 17:21:00.023000,1001,2015-09-01 17:17:47.140000,1001
2150,"All Transcript Files (+Exhibits, if any)",2019-08-23 17:16:53.603000,1001,2015-08-10 09:30:58.450000,1001
2213,Parking Receipt,2019-08-22 10:29:23.500000,1001,2019-08-22 10:29:23.500000,1001
2212,Videoconference,2019-08-06 20:22:58.410000,1001,2019-08-06 20:22:58.410000,1001
2211,Interpreter,2019-08-06 20:22:45.720000,1001,2019-08-06 20:22:45.720000,1001
2210,Generic,2019-08-06 14:59:35.723000,1001,2019-08-06 14:59:35.723000,1001
2209,Discovery,2019-08-06 14:41:30.960000,1001,2019-08-06 14:41:16.373000,1001
2208,Court - Standard,2019-08-03 14:24:50.320000,1001,2019-08-03 14:24:50.320000,1001
2207,Court - Split Takedown,2019-08-03 14:24:33.620000,1001,2019-08-03 14:17:48.040000,1001
2159,Affiliate - NPA,2019-08-03 14:21:32.990000,1001,2016-12-31 12:57:51.797000,1001
2064,Case Caption,2019-08-03 13:27:45.313000,1001,2012-05-15 11:06:22.030000,1001
2016,Errata - Blank Errata,2019-07-31 21:07:58.970000,1001,2008-07-24 16:09:28.080000,1001
2161,Rough ASCII - Non-Certified Transcript,2019-07-31 14:22:18.047000,1001,2017-02-21 16:04:44.127000,1001
2048,Notice-Amended/Subpoena/Letter/Caption,2019-07-31 13:53:09.143000,1001,2012-04-19 16:26:05.390000,1001
1001,Delivery Receipt,2019-07-31 13:50:00.100000,1001,2006-04-11 13:57:57.850000,1
1008,Other,2019-07-31 13:41:18.427000,1001,2006-04-11 13:57:57.850000,1
2049,Subpoena,2019-07-31 13:39:10.320000,1001,2012-04-19 16:26:15.383000,1001
2024,Exhibit Binder,2019-07-31 13:29:44.710000,1001,2008-08-27 15:21:22.953000,1001
2135,Orders,2019-07-31 13:22:17.993000,1001,2015-03-02 14:11:58.750000,1001
1004,Glossary,2019-07-31 13:21:51.940000,1001,2006-04-11 13:57:57.850000,1
1003,Front Page,2019-07-31 13:21:40.500000,1001,2006-04-11 13:57:57.850000,1
2002,E-Transcript,2019-07-31 13:21:28.207000,1001,2008-07-18 22:33:45.477000,1
2013,AMICUS,2019-07-31 13:20:44.437000,1001,2008-07-22 10:43:25.597000,1001
2012,Video-1,2019-07-31 13:20:15.473000,1001,2008-07-22 10:43:00.183000,1001
1002,Exhibit-1,2019-07-31 13:20:06.680000,1001,2006-04-11 13:57:57.850000,1
2070,Process Server,2019-07-31 13:10:18.590000,1001,2012-09-13 14:36:58.703000,1001
2205,EGCR Courier - Bill Collier,2019-07-31 13:09:13.443000,1001,2019-07-31 13:09:13.443000,1001
2155,Word - Rich Text Format,2019-07-31 12:58:50.270000,1001,2016-08-18 16:05:20.673000,1001
1017,Video,2019-07-31 12:58:26.063000,1001,2013-10-21 20:32:27.573000,1
2014,Summation File,2019-07-31 12:58:15.950000,1001,2008-07-22 10:43:33.970000,1001
2163,Service Documents,2019-07-31 12:58:03.977000,1001,2017-03-16 09:46:39.113000,1001
1010,PDF Transcript,2019-07-31 12:57:52.877000,1001,2008-02-27 14:30:33.773000,1
1011,PDF Transcript w/ Exhibits,2019-07-31 12:57:45.503000,1001,2008-02-27 14:30:51.290000,1
2015,Letter,2019-07-31 12:57:06.960000,1001,2008-07-22 10:44:13.347000,1001
1007,Invoice,2019-07-31 12:56:57.187000,1001,2006-04-11 13:57:57.850000,1
2164,ASCII Backup- NOT FOR WORD LISTS,2019-07-31 12:49:04.840000,1001,2017-06-06 12:05:05.110000,1001
2079,,2019-07-31 12:48:26.510000,1001,2013-10-22 15:26:00.813000,1001
2204,Access Change,2019-07-18 14:27:20.173000,25608,2019-07-18 14:27:20.173000,25608
2203,Email Change,2019-07-18 14:21:49.443000,25608,2019-07-18 14:21:49.443000,25608
2202,Statements,2019-07-18 14:18:03.757000,1001,2019-07-18 14:18:03.757000,1001
2201,Collections,2019-07-18 14:15:38.223000,1001,2019-07-18 14:15:38.223000,1001
2200,VTC ONLY,2019-06-27 13:19:19.003000,1001,2019-06-27 13:19:19.003000,1001
2193,CNA - Certificate of Non-Appearance,2019-06-27 12:45:23.487000,1001,2019-06-27 12:42:28.857000,1001
2194,Cancel,2019-06-27 12:44:42.427000,1001,2019-06-27 12:43:18.490000,1001
2192,Videography,2019-06-27 12:36:53.663000,1001,2019-06-27 12:36:53.663000,1001
2191,Takedown,2019-06-27 12:36:13.643000,1001,2019-06-27 12:36:13.643000,1001
2190,Interpreting,2019-06-27 12:35:48.123000,1001,2019-06-27 12:35:48.123000,1001
1102,CART,2019-06-27 12:35:20.823000,1001,2006-04-11 13:57:57.850000,1
2189,Deposition - Copy,2019-06-27 12:33:33.170000,1001,2019-06-27 12:33:33.170000,1001
1105,Deposition - Original,2019-06-27 12:33:23.600000,1001,2006-04-11 13:57:57.850000,1
855,Conference Room | Location Fee,2019-06-11 21:51:43.150000,1001,2018-11-01 10:14:33.337000,1
2184,Court Reporter | Realtime | Rough | Rush,2019-06-11 21:50:59.293000,1001,2019-06-11 21:49:27.567000,1001
2182,Partially Shipped,2019-06-08 23:51:11.883000,1001,2019-06-08 23:49:34.220000,1001
2180,Interpreter,2019-06-08 21:51:11.377000,1001,2019-06-08 21:51:11.377000,1001
2179,Backorder,2019-06-07 11:21:41.720000,1001,2019-06-07 11:21:41.720000,1001
2176,USPS,2019-06-06 22:37:29.190000,1,2019-06-06 22:37:29.190000,1
852,Videographer,2019-06-06 19:51:39.203000,1001,2018-10-26 01:30:02.240000,1
850,Undefined,2019-06-06 19:51:24.893000,1001,2018-10-26 01:30:02.233000,1
2177,Court Reporter,2019-06-06 19:51:24.893000,1001,2019-06-06 19:51:07.890000,1001
1130,,2018-10-26 01:30:02.447000,1,2018-10-26 01:30:02.447000,1
2037,Video Realtime Depo,2018-10-05 12:32:02.483000,1001,2010-03-10 11:34:40.717000,1001
2175,Split Invoice,2018-07-26 15:52:51.560000,1001,2018-07-26 15:52:51.560000,1001
2174,Split Invoice,2018-07-26 15:49:01.387000,1001,2018-07-26 15:49:01.387000,1001
2173,15-Day Pay,2018-02-02 09:46:14.977000,1001,2018-02-02 09:46:14.977000,1001
2010,Employee with bonus,2018-02-02 09:17:39.130000,1001,2008-07-21 14:55:23.740000,1001
2170,Videoconference & Zoom,2018-01-05 12:23:26.993000,1001,2018-01-05 12:23:26.993000,1001
2165,Videographer ONLY,2017-07-07 10:08:53.730000,1001,2017-07-07 10:08:53.730000,1001
2162,Independent Contractor - Tier 3 Rates,2017-02-22 17:35:49.097000,1001,2017-02-22 17:35:49.097000,1001
1203,Email,2017-01-20 12:43:37.693000,1001,2006-04-11 13:57:57.850000,1
2160,Affiliate,2017-01-10 11:28:04.897000,1001,2017-01-10 11:28:04.897000,1001
2134,ISSUES,2016-12-31 12:57:17.703000,1001,2015-02-27 16:38:15.503000,1001
2157,Electronic Transfer,2016-09-16 12:02:59.287000,1001,2016-09-16 12:02:59.287000,1001
814,Request Confirm,2015-11-04 00:02:01.490000,1,2015-11-04 00:02:01.490000,1
2034,Accurate Reporting,2015-06-30 17:40:33.093000,1001,2009-01-14 10:23:41.467000,1001
2146,BAD DEBT - WRITTEN OFF,2015-06-24 17:07:41.777000,1014,2015-06-24 17:07:41.777000,1014
2145,Marketing - Sales Calls,2015-06-24 15:07:12.910000,1014,2015-06-24 15:07:12.910000,1014
2144,Firm Changed,2015-06-24 15:06:40.780000,1014,2015-06-24 15:06:40.780000,1014
2143,BAD DEBT - WRITTEN OFF,2015-06-24 15:05:51.083000,1014,2015-06-24 15:05:51.083000,1014
2142,Tenant,2015-06-10 10:45:46.163000,1014,2015-06-10 10:45:46.163000,1014
2140,Doctor / Hospital,2015-06-04 15:59:04.290000,1014,2015-06-04 15:59:04.290000,1014
2138,Likes/Dislikes,2015-03-26 09:15:24.163000,1001,2015-03-26 09:15:24.163000,1001
2137,Orders Preference,2015-03-23 14:43:00.880000,1001,2015-03-23 14:43:00.880000,1001
2112,Goody Bags,2015-03-23 14:43:00.880000,1001,2015-01-16 14:34:28.570000,1014
2136,Court Reporting Firm,2015-03-04 12:07:52.717000,1001,2015-03-04 12:07:52.717000,1001
2133,Court Reporter Order Information,2015-02-25 09:29:23.837000,1001,2015-02-25 09:29:23.837000,1001
2132,Daily,2015-02-19 10:50:09.077000,1001,2015-02-19 10:50:09.077000,1001
2131,Flat Fee,2015-02-19 10:50:00.723000,1001,2015-02-19 10:50:00.723000,1001
2130,Pro Se,2015-02-10 13:55:21.230000,1001,2015-02-10 13:55:21.230000,1001
2129,Quotes,2015-01-30 12:11:37.643000,1001,2015-01-30 12:11:37.643000,1001
2128,Payment Status,2015-01-27 11:18:42.767000,1001,2015-01-27 11:18:42.767000,1001
2127,Quotes,2015-01-27 11:18:14.453000,1001,2015-01-27 11:18:14.453000,1001
2124,Contact Added - Edited,2015-01-21 12:22:09.063000,1014,2015-01-21 12:20:35.097000,1014
2123,USER ID / PASSWORD,2015-01-19 16:35:24.880000,1001,2015-01-19 16:35:24.880000,1001
2103,Received Checklist,2015-01-19 15:28:19.480000,1001,2015-01-15 13:15:33.757000,1001
1300,Transcript,2015-01-19 15:28:16.053000,1001,2008-02-27 14:29:26.773000,1
2122,ReporterBase,2015-01-16 17:03:30.930000,1014,2015-01-16 17:03:30.930000,1014
2121,To Resource,2015-01-16 15:05:05.173000,1014,2015-01-16 15:05:05.173000,1014
2111,Marketing,2015-01-16 15:04:28.580000,1014,2015-01-16 14:32:35.457000,1014
2108,,2015-01-16 15:04:28.580000,1014,2015-01-15 13:50:24.690000,1
2120,On Discount Net 15 For 5,2015-01-16 15:02:51.757000,1014,2015-01-16 15:02:51.757000,1014
2119,Office Manager,2015-01-16 15:01:15.063000,1014,2015-01-16 15:01:15.063000,1014
2118,Officer Manager,2015-01-16 15:00:53.510000,1014,2015-01-16 15:00:53.510000,1014
2117,Attorney,2015-01-16 15:00:19.620000,1014,2015-01-16 15:00:19.620000,1014
2115,Sales Calls,2015-01-16 14:35:21.920000,1014,2015-01-16 14:35:21.920000,1014
2114,Birthdays,2015-01-16 14:35:04.757000,1014,2015-01-16 14:35:04.757000,1014
2113,Invoices,2015-01-16 14:34:44.783000,1014,2015-01-16 14:34:44.783000,1014
2106,,2015-01-16 14:34:28.570000,1014,2015-01-15 13:50:24.483000,1
2110,,2015-01-15 13:50:24.890000,1,2015-01-15 13:50:24.890000,1
2109,,2015-01-15 13:50:24.787000,1,2015-01-15 13:50:24.787000,1
2107,,2015-01-15 13:50:24.583000,1,2015-01-15 13:50:24.583000,1
2104,,2015-01-15 13:50:24.307000,1,2015-01-15 13:50:24.307000,1
2101,Operations Manager,2015-01-09 13:04:56.550000,1001,2015-01-09 13:04:56.550000,1001
603,Staff,2015-01-09 13:04:30.830000,1001,2006-04-11 13:57:57.820000,1
602,Manager,2015-01-09 13:04:28.133000,1001,2006-04-11 13:57:57.820000,1
601,Director,2015-01-09 13:04:23.787000,1001,2006-04-11 13:57:57.820000,1
2031,Business Development Coordinator,2015-01-09 13:04:20.050000,1001,2008-12-29 19:13:48.720000,1001
2100,Calendar Manager,2015-01-09 13:04:07.090000,1001,2015-01-09 13:04:07.090000,1001
2099,Transcript Production Manager,2015-01-09 13:03:57.900000,1001,2015-01-09 13:03:57.900000,1001
2098,Video Production Manager,2015-01-09 13:03:49.993000,1001,2015-01-09 13:03:49.993000,1001
2097,Transcript Detail Manager,2015-01-09 13:03:42.220000,1001,2015-01-09 13:03:42.220000,1001
2096,Client Liaison,2015-01-09 13:02:32.553000,1001,2015-01-09 13:02:32.553000,1001
2095,Expert Witness,2014-12-05 13:36:02.880000,1001,2014-12-05 13:36:02.880000,1001
2094,Administrator,2014-12-05 13:35:53.753000,1001,2014-12-05 13:35:53.753000,1001
900,Call,2014-10-06 13:29:27.970000,1001,2006-04-11 13:57:57.837000,1
902,Fax,2014-10-06 13:29:14.827000,1001,2006-04-11 13:57:57.837000,1
901,Email,2014-10-06 13:29:12.140000,1001,2006-04-11 13:57:57.837000,1
2089,Scheduling,2014-10-06 13:29:03.577000,1001,2014-09-03 11:34:30.977000,1001
2093,Marketing,2014-10-06 13:28:51.903000,1001,2014-10-06 13:28:51.903000,1001
313,Mr.,2014-09-25 11:45:30.330000,1001,2006-04-11 13:57:57.803000,1
310,,2014-09-25 11:45:30.330000,1001,2006-04-11 13:57:57.803000,1
330,,2014-09-25 11:45:24.190000,1001,2006-04-11 13:57:57.803000,1
332,Male,2014-09-25 11:45:24.190000,1001,2006-04-11 13:57:57.803000,1
302,Attorney,2014-09-18 13:09:06.567000,1014,2006-04-11 13:57:57.803000,1
300,,2014-09-18 13:09:06.567000,1014,2006-04-11 13:57:57.803000,1
331,Female,2014-09-18 13:08:26.113000,1014,2006-04-11 13:57:57.803000,1
2080,Hotel / Conference Center,2014-09-18 13:07:56.833000,1014,2014-01-15 14:55:11.700000,1001
218,Legal Public Sector,2014-09-18 13:07:20.503000,1014,2006-04-11 13:57:57.790000,1
2092,Legal Assistant,2014-09-18 13:06:38.550000,1014,2014-09-18 13:06:38.550000,1014
2091,Legal Assistant,2014-09-18 13:06:17.613000,1014,2014-09-18 13:06:17.613000,1014
2090,Production,2014-09-03 11:34:37.370000,1001,2014-09-03 11:34:37.370000,1001
2088,Billing,2014-09-03 11:34:26.430000,1001,2014-09-03 11:34:26.430000,1001
2087,Paralegal,2014-08-29 10:40:35.140000,1001,2014-08-29 10:40:35.140000,1001
2086,Associate,2014-08-29 10:40:21.910000,1001,2014-08-29 10:40:21.910000,1001
206,Law Firm,2014-08-29 10:39:48.473000,1001,2006-04-11 13:57:57.790000,1
200,,2014-08-29 10:39:48.460000,1001,2006-04-11 13:57:57.790000,1
2085,Typist/Transcriber,2014-06-13 17:00:48.993000,1001,2014-06-13 17:00:48.993000,1001
2082,Rough ASCII Arbitration,2014-03-05 14:23:32.257000,1001,2014-03-05 14:23:32.257000,1001
1016,Exhibit,2013-10-22 15:26:09.720000,1001,2013-10-21 20:32:27.473000,1
2077,Document Dropoff Only,2013-06-04 13:44:07.653000,1001,2013-06-04 13:43:32.747000,1001
2078,Document Dropoff with Record Made By CR,2013-06-04 13:43:47.900000,1001,2013-06-04 13:43:47.900000,1001
2075,Affiliate Firm,2013-02-07 12:05:34.410000,1001,2013-02-07 12:05:34.410000,1001
2074,ECGR Conference Room - Small,2013-02-07 12:02:16.340000,1001,2013-02-07 12:02:16.340000,1001
2073,ECGR Conference Room - Small - VTC Room,2013-02-07 12:02:01.687000,1001,2013-02-07 12:02:01.687000,1001
2072,ECGR Conference Room - Large - VTC Room,2013-02-07 12:01:55.367000,1001,2013-02-07 12:01:55.367000,1001
2071,EGCR Satellite Office,2013-02-07 12:01:10.813000,1001,2013-02-07 12:01:10.813000,1001
510,,2012-12-03 10:20:18.383000,1,2012-12-03 10:20:18.383000,1
360,,2012-12-03 10:20:17.983000,1,2012-12-03 10:20:17.983000,1
269,,2012-12-03 10:20:17.830000,1,2012-12-03 10:20:17.830000,1
2065,Hotel,2012-05-15 12:28:14.500000,1001,2012-05-15 12:28:14.500000,1001
2063,Pro Se,2012-05-15 10:31:29.110000,1001,2012-05-15 10:31:29.110000,1001
2057,Realtime Depo (Includes Rough),2012-04-23 17:17:03.480000,1001,2012-04-23 17:15:11.367000,1001
708,Video Conferencing,2012-04-23 17:16:48.063000,1001,2006-04-11 13:57:57.837000,1
2061,Trial,2012-04-23 17:15:59.437000,1001,2012-04-23 17:15:59.437000,1001
2060,Taped Transcription,2012-04-23 17:15:47.597000,1001,2012-04-23 17:15:47.597000,1001
2059,Rough ASCII Depo,2012-04-23 17:15:34.220000,1001,2012-04-23 17:15:34.220000,1001
2058,Recording,2012-04-23 17:15:22.847000,1001,2012-04-23 17:15:22.847000,1001
2056,Meeting,2012-04-23 17:14:58.457000,1001,2012-04-23 17:14:58.457000,1001
2055,Mediation,2012-04-23 17:14:46.183000,1001,2012-04-23 17:14:46.183000,1001
2054,Examination Under Oath,2012-04-23 17:14:22.867000,1001,2012-04-23 17:14:22.867000,1001
2053,Depo - Expedite,2012-04-23 17:14:08.290000,1001,2012-04-23 17:14:08.290000,1001
2052,Board of Commissioners Meeting,2012-04-23 17:13:49.957000,1001,2012-04-23 17:13:49.957000,1001
846,Marketing-Sales Rep,2012-04-16 17:01:10.113000,1001,2006-04-11 13:57:57.837000,1
845,Marketing-Publication,2012-04-16 17:01:07.177000,1001,2006-04-11 13:57:57.837000,1
844,Marketing-Press Release,2012-04-16 17:01:03.937000,1001,2006-04-11 13:57:57.837000,1
843,Marketing-Other,2012-04-16 17:00:55.810000,1001,2006-04-11 13:57:57.837000,1
842,Marketing-Mail,2012-04-16 17:00:52.083000,1001,2006-04-11 13:57:57.837000,1
841,Marketing-Event,2012-04-16 17:00:49.350000,1001,2006-04-11 13:57:57.837000,1
921,Gift Certificate,2010-05-10 16:11:29.187000,1001,2008-02-27 14:31:05.303000,1
813,Back Order,2010-03-12 19:40:30.727000,1,2010-03-12 19:40:30.727000,1
184,Online Payment,2009-10-22 10:43:59.657000,1,2009-10-22 10:43:59.657000,1
63,Cancelled,2009-01-07 10:38:43.380000,1,2009-01-07 10:38:43.380000,1
62,Denied,2009-01-07 10:38:43.300000,1,2009-01-07 10:38:43.300000,1
61,Approved,2009-01-07 10:38:43.270000,1,2009-01-07 10:38:43.270000,1
60,Pending,2009-01-07 10:38:43.237000,1,2009-01-07 10:38:43.237000,1
52,Good,2009-01-07 10:38:39.910000,1,2009-01-07 10:38:39.910000,1
53,Fanatical,2009-01-07 10:38:39.910000,1,2009-01-07 10:38:39.910000,1
51,Average,2009-01-07 10:38:39.893000,1,2009-01-07 10:38:39.893000,1
50,Unsatisfactory,2009-01-07 10:38:39.880000,1,2009-01-07 10:38:39.880000,1
42,Closed,2009-01-07 10:38:39.863000,1,2009-01-07 10:38:39.863000,1
43,Solved,2009-01-07 10:38:39.863000,1,2009-01-07 10:38:39.863000,1
41,Pending Customer Response,2009-01-07 10:38:39.847000,1,2009-01-07 10:38:39.847000,1
40,Awaiting Response,2009-01-07 10:38:39.830000,1,2009-01-07 10:38:39.830000,1
2008,Independent Contractor,2009-01-03 19:37:05.400000,1001,2008-07-21 14:55:08.160000,1001
2009,Employee,2009-01-03 19:37:05.400000,1001,2008-07-21 14:55:15.723000,1001
2032,Client Solutions Manager,2009-01-03 17:01:43.470000,1001,2009-01-03 17:01:43.470000,1001
2030,Affiliate Rates,2008-12-08 13:33:13.870000,1001,2008-12-08 13:33:13.870000,1001
2026,Scopist,2008-09-10 18:29:57.663000,1001,2008-09-10 18:29:57.663000,1001
2025,Proofreader,2008-09-10 18:29:52.227000,1001,2008-09-10 18:29:52.227000,1001
140,Affiliate,2008-08-29 13:51:31.730000,1001,2006-04-11 13:57:57.790000,1
350,,2008-08-12 10:40:19.077000,1001,2006-04-11 13:57:57.803000,1
356,Normal,2008-08-12 10:40:19.077000,1001,2006-04-11 13:57:57.803000,1
820,,2008-08-11 14:35:30.143000,1001,2006-04-11 13:57:57.837000,1
2017,4-Day,2008-07-28 16:12:55.400000,1001,2008-07-28 16:12:55.400000,1001
702,CART,2008-07-18 22:51:11.810000,1,2006-04-11 13:57:57.837000,1
701,Captioning,2008-07-18 22:51:05.500000,1,2006-04-11 13:57:57.837000,1
2005,EGCR Conference Room - ATL,2008-07-18 22:43:16.730000,1,2008-07-18 22:43:16.730000,1
434,Semimonthly,2008-07-18 22:34:50.430000,1,2006-04-11 13:57:57.820000,1
2001,No exceptions for third-party payments,2008-07-18 22:30:22.803000,1,2008-07-18 22:30:11.820000,1
930,Birthday,2008-02-27 14:31:38.523000,1,2008-02-27 14:31:38.523000,1
1354,Originals Destroyed,2008-02-27 14:29:26.790000,1,2008-02-27 14:29:26.790000,1
1301,Video,2008-02-27 14:29:26.773000,1,2008-02-27 14:29:26.773000,1
1310,Archive Path 1,2008-02-27 14:29:26.773000,1,2008-02-27 14:29:26.773000,1
1311,Archive Path 2,2008-02-27 14:29:26.773000,1,2008-02-27 14:29:26.773000,1
1312,Archive Path 3,2008-02-27 14:29:26.773000,1,2008-02-27 14:29:26.773000,1
1313,Archive Path 4,2008-02-27 14:29:26.773000,1,2008-02-27 14:29:26.773000,1
1314,Archive Path 5,2008-02-27 14:29:26.773000,1,2008-02-27 14:29:26.773000,1
1320,,2008-02-27 14:29:26.773000,1,2008-02-27 14:29:26.773000,1
1321,High,2008-02-27 14:29:26.773000,1,2008-02-27 14:29:26.773000,1
1322,Mid,2008-02-27 14:29:26.773000,1,2008-02-27 14:29:26.773000,1
1323,Low,2008-02-27 14:29:26.773000,1,2008-02-27 14:29:26.773000,1
1330,,2008-02-27 14:29:26.773000,1,2008-02-27 14:29:26.773000,1
1331,CD,2008-02-27 14:29:26.773000,1,2008-02-27 14:29:26.773000,1
1332,DVD,2008-02-27 14:29:26.773000,1,2008-02-27 14:29:26.773000,1
1333,Tape,2008-02-27 14:29:26.773000,1,2008-02-27 14:29:26.773000,1
1340,,2008-02-27 14:29:26.773000,1,2008-02-27 14:29:26.773000,1
1341,High,2008-02-27 14:29:26.773000,1,2008-02-27 14:29:26.773000,1
1342,Mid,2008-02-27 14:29:26.773000,1,2008-02-27 14:29:26.773000,1
1343,Low,2008-02-27 14:29:26.773000,1,2008-02-27 14:29:26.773000,1
1350,,2008-02-27 14:29:26.773000,1,2008-02-27 14:29:26.773000,1
1351,Pending,2008-02-27 14:29:26.773000,1,2008-02-27 14:29:26.773000,1
1352,Archived Here,2008-02-27 14:29:26.773000,1,2008-02-27 14:29:26.773000,1
1353,Originals Sent To,2008-02-27 14:29:26.773000,1,2008-02-27 14:29:26.773000,1
1205,Post,2006-04-11 13:57:57.850000,1,2006-04-11 13:57:57.850000,1
1206,UPS,2006-04-11 13:57:57.850000,1,2006-04-11 13:57:57.850000,1
1207,Web,2006-04-11 13:57:57.850000,1,2006-04-11 13:57:57.850000,1
1005,Notice,2006-04-11 13:57:57.850000,1,2006-04-11 13:57:57.850000,1
1100,Arbitration,2006-04-11 13:57:57.850000,1,2006-04-11 13:57:57.850000,1
1101,Captioning,2006-04-11 13:57:57.850000,1,2006-04-11 13:57:57.850000,1
1106,Hearing,2006-04-11 13:57:57.850000,1,2006-04-11 13:57:57.850000,1
1107,Transcription,2006-04-11 13:57:57.850000,1,2006-04-11 13:57:57.850000,1
1108,Video Conferencing,2006-04-11 13:57:57.850000,1,2006-04-11 13:57:57.850000,1
1109,Workers Comp,2006-04-11 13:57:57.850000,1,2006-04-11 13:57:57.850000,1
1201,By Hand,2006-04-11 13:57:57.850000,1,2006-04-11 13:57:57.850000,1
1202,Courier,2006-04-11 13:57:57.850000,1,2006-04-11 13:57:57.850000,1
1103,Conference,2006-04-11 13:57:57.850000,1,2006-04-11 13:57:57.850000,1
1104,Court,2006-04-11 13:57:57.850000,1,2006-04-11 13:57:57.850000,1
1120,,2006-04-11 13:57:57.850000,1,2006-04-11 13:57:57.850000,1
903,Other,2006-04-11 13:57:57.837000,1,2006-04-11 13:57:57.837000,1
904,System,2006-04-11 13:57:57.837000,1,2006-04-11 13:57:57.837000,1
847,Marketing-Website,2006-04-11 13:57:57.837000,1,2006-04-11 13:57:57.837000,1
848,Referral from another organization,2006-04-11 13:57:57.837000,1,2006-04-11 13:57:57.837000,1
849,Referral from within organization,2006-04-11 13:57:57.837000,1,2006-04-11 13:57:57.837000,1
703,Conference,2006-04-11 13:57:57.837000,1,2006-04-11 13:57:57.837000,1
704,Court,2006-04-11 13:57:57.837000,1,2006-04-11 13:57:57.837000,1
705,Deposition,2006-04-11 13:57:57.837000,1,2006-04-11 13:57:57.837000,1
706,Hearing,2006-04-11 13:57:57.837000,1,2006-04-11 13:57:57.837000,1
707,Transcription,2006-04-11 13:57:57.837000,1,2006-04-11 13:57:57.837000,1
615,Production,2006-04-11 13:57:57.837000,1,2006-04-11 13:57:57.837000,1
616,Reporter Management,2006-04-11 13:57:57.837000,1,2006-04-11 13:57:57.837000,1
617,Sales,2006-04-11 13:57:57.837000,1,2006-04-11 13:57:57.837000,1
700,Arbitration,2006-04-11 13:57:57.837000,1,2006-04-11 13:57:57.837000,1
830,,2006-04-11 13:57:57.837000,1,2006-04-11 13:57:57.837000,1
831,Accident & Injury,2006-04-11 13:57:57.837000,1,2006-04-11 13:57:57.837000,1
832,Business & Financial,2006-04-11 13:57:57.837000,1,2006-04-11 13:57:57.837000,1
833,Civil Litigation,2006-04-11 13:57:57.837000,1,2006-04-11 13:57:57.837000,1
834,Construction & Architecture,2006-04-11 13:57:57.837000,1,2006-04-11 13:57:57.837000,1
835,Criminal Litigation,2006-04-11 13:57:57.837000,1,2006-04-11 13:57:57.837000,1
836,Medical & Psychological,2006-04-11 13:57:57.837000,1,2006-04-11 13:57:57.837000,1
837,Science & Engineering,2006-04-11 13:57:57.837000,1,2006-04-11 13:57:57.837000,1
840,,2006-04-11 13:57:57.837000,1,2006-04-11 13:57:57.837000,1
709,Workers Comp,2006-04-11 13:57:57.837000,1,2006-04-11 13:57:57.837000,1
710,New,2006-04-11 13:57:57.837000,1,2006-04-11 13:57:57.837000,1
711,In Progress,2006-04-11 13:57:57.837000,1,2006-04-11 13:57:57.837000,1
712,Cancelled,2006-04-11 13:57:57.837000,1,2006-04-11 13:57:57.837000,1
713,Adjourned,2006-04-11 13:57:57.837000,1,2006-04-11 13:57:57.837000,1
714,Settled,2006-04-11 13:57:57.837000,1,2006-04-11 13:57:57.837000,1
715,Completed,2006-04-11 13:57:57.837000,1,2006-04-11 13:57:57.837000,1
720,,2006-04-11 13:57:57.837000,1,2006-04-11 13:57:57.837000,1
721,Applicant,2006-04-11 13:57:57.837000,1,2006-04-11 13:57:57.837000,1
722,Claimant,2006-04-11 13:57:57.837000,1,2006-04-11 13:57:57.837000,1
723,Defendant,2006-04-11 13:57:57.837000,1,2006-04-11 13:57:57.837000,1
724,Plaintiff,2006-04-11 13:57:57.837000,1,2006-04-11 13:57:57.837000,1
725,Respondent,2006-04-11 13:57:57.837000,1,2006-04-11 13:57:57.837000,1
800,Request New,2006-04-11 13:57:57.837000,1,2006-04-11 13:57:57.837000,1
801,New,2006-04-11 13:57:57.837000,1,2006-04-11 13:57:57.837000,1
802,Will Call Back,2006-04-11 13:57:57.837000,1,2006-04-11 13:57:57.837000,1
803,Confirmed,2006-04-11 13:57:57.837000,1,2006-04-11 13:57:57.837000,1
804,Assigned,2006-04-11 13:57:57.837000,1,2006-04-11 13:57:57.837000,1
805,In Progress,2006-04-11 13:57:57.837000,1,2006-04-11 13:57:57.837000,1
806,Turned In,2006-04-11 13:57:57.837000,1,2006-04-11 13:57:57.837000,1
807,Billed,2006-04-11 13:57:57.837000,1,2006-04-11 13:57:57.837000,1
808,No Bill,2006-04-11 13:57:57.837000,1,2006-04-11 13:57:57.837000,1
809,Shipped,2006-04-11 13:57:57.837000,1,2006-04-11 13:57:57.837000,1
810,Non Calendar,2006-04-11 13:57:57.837000,1,2006-04-11 13:57:57.837000,1
811,Request Cancelled,2006-04-11 13:57:57.837000,1,2006-04-11 13:57:57.837000,1
812,Cancelled,2006-04-11 13:57:57.837000,1,2006-04-11 13:57:57.837000,1
600,,2006-04-11 13:57:57.820000,1,2006-04-11 13:57:57.820000,1
610,,2006-04-11 13:57:57.820000,1,2006-04-11 13:57:57.820000,1
611,Accounting,2006-04-11 13:57:57.820000,1,2006-04-11 13:57:57.820000,1
612,Calendar,2006-04-11 13:57:57.820000,1,2006-04-11 13:57:57.820000,1
613,Case Management,2006-04-11 13:57:57.820000,1,2006-04-11 13:57:57.820000,1
614,IT,2006-04-11 13:57:57.820000,1,2006-04-11 13:57:57.820000,1
500,,2006-04-11 13:57:57.820000,1,2006-04-11 13:57:57.820000,1
501,Arbitration Center,2006-04-11 13:57:57.820000,1,2006-04-11 13:57:57.820000,1
502,Court Room,2006-04-11 13:57:57.820000,1,2006-04-11 13:57:57.820000,1
503,Doctor's Office,2006-04-11 13:57:57.820000,1,2006-04-11 13:57:57.820000,1
504,Government Office,2006-04-11 13:57:57.820000,1,2006-04-11 13:57:57.820000,1
505,Hospital,2006-04-11 13:57:57.820000,1,2006-04-11 13:57:57.820000,1
506,Office,2006-04-11 13:57:57.820000,1,2006-04-11 13:57:57.820000,1
507,Private Residence,2006-04-11 13:57:57.820000,1,2006-04-11 13:57:57.820000,1
508,School,2006-04-11 13:57:57.820000,1,2006-04-11 13:57:57.820000,1
442,CLVS,2006-04-11 13:57:57.820000,1,2006-04-11 13:57:57.820000,1
443,CMRS,2006-04-11 13:57:57.820000,1,2006-04-11 13:57:57.820000,1
444,CRI,2006-04-11 13:57:57.820000,1,2006-04-11 13:57:57.820000,1
445,CRR,2006-04-11 13:57:57.820000,1,2006-04-11 13:57:57.820000,1
447,RDR,2006-04-11 13:57:57.820000,1,2006-04-11 13:57:57.820000,1
448,RMR,2006-04-11 13:57:57.820000,1,2006-04-11 13:57:57.820000,1
449,RPR,2006-04-11 13:57:57.820000,1,2006-04-11 13:57:57.820000,1
357,Same Day,2006-04-11 13:57:57.803000,1,2006-04-11 13:57:57.803000,1
404,Interpreter,2006-04-11 13:57:57.803000,1,2006-04-11 13:57:57.803000,1
351,2-Day,2006-04-11 13:57:57.803000,1,2006-04-11 13:57:57.803000,1
352,3-Day,2006-04-11 13:57:57.803000,1,2006-04-11 13:57:57.803000,1
353,5-Day,2006-04-11 13:57:57.803000,1,2006-04-11 13:57:57.803000,1
354,7-Day,2006-04-11 13:57:57.803000,1,2006-04-11 13:57:57.803000,1
355,Next Day,2006-04-11 13:57:57.803000,1,2006-04-11 13:57:57.803000,1
340,,2006-04-11 13:57:57.803000,1,2006-04-11 13:57:57.803000,1
341,Average,2006-04-11 13:57:57.803000,1,2006-04-11 13:57:57.803000,1
342,Bad Debt,2006-04-11 13:57:57.803000,1,2006-04-11 13:57:57.803000,1
343,Preferred,2006-04-11 13:57:57.803000,1,2006-04-11 13:57:57.803000,1
407,Videographer,2006-04-11 13:57:57.803000,1,2006-04-11 13:57:57.803000,1
410,,2006-04-11 13:57:57.803000,1,2006-04-11 13:57:57.803000,1
411,Dr.,2006-04-11 13:57:57.803000,1,2006-04-11 13:57:57.803000,1
412,Miss,2006-04-11 13:57:57.803000,1,2006-04-11 13:57:57.803000,1
413,Mr.,2006-04-11 13:57:57.803000,1,2006-04-11 13:57:57.803000,1
414,Mrs.,2006-04-11 13:57:57.803000,1,2006-04-11 13:57:57.803000,1
415,Ms.,2006-04-11 13:57:57.803000,1,2006-04-11 13:57:57.803000,1
311,Dr.,2006-04-11 13:57:57.803000,1,2006-04-11 13:57:57.803000,1
312,Miss,2006-04-11 13:57:57.803000,1,2006-04-11 13:57:57.803000,1
303,Clerk,2006-04-11 13:57:57.803000,1,2006-04-11 13:57:57.803000,1
304,Judge,2006-04-11 13:57:57.803000,1,2006-04-11 13:57:57.803000,1
305,Paralegal,2006-04-11 13:57:57.803000,1,2006-04-11 13:57:57.803000,1
306,Secretary,2006-04-11 13:57:57.803000,1,2006-04-11 13:57:57.803000,1
314,Mrs.,2006-04-11 13:57:57.803000,1,2006-04-11 13:57:57.803000,1
315,Ms.,2006-04-11 13:57:57.803000,1,2006-04-11 13:57:57.803000,1
320,,2006-04-11 13:57:57.803000,1,2006-04-11 13:57:57.803000,1
321,Administrator,2006-04-11 13:57:57.803000,1,2006-04-11 13:57:57.803000,1
322,CEO,2006-04-11 13:57:57.803000,1,2006-04-11 13:57:57.803000,1
323,Clerk,2006-04-11 13:57:57.803000,1,2006-04-11 13:57:57.803000,1
324,Director,2006-04-11 13:57:57.803000,1,2006-04-11 13:57:57.803000,1
325,Manager,2006-04-11 13:57:57.803000,1,2006-04-11 13:57:57.803000,1
326,Owner,2006-04-11 13:57:57.803000,1,2006-04-11 13:57:57.803000,1
327,Partner,2006-04-11 13:57:57.803000,1,2006-04-11 13:57:57.803000,1
328,President,2006-04-11 13:57:57.803000,1,2006-04-11 13:57:57.803000,1
329,Secretary,2006-04-11 13:57:57.803000,1,2006-04-11 13:57:57.803000,1
301,Adjuster,2006-04-11 13:57:57.803000,1,2006-04-11 13:57:57.803000,1
253,Demand Letter Sent,2006-04-11 13:57:57.803000,1,2006-04-11 13:57:57.803000,1
254,Invoice Sent,2006-04-11 13:57:57.803000,1,2006-04-11 13:57:57.803000,1
255,Make Call,2006-04-11 13:57:57.803000,1,2006-04-11 13:57:57.803000,1
256,Send COD Letter,2006-04-11 13:57:57.803000,1,2006-04-11 13:57:57.803000,1
257,Send Demand Letter,2006-04-11 13:57:57.803000,1,2006-04-11 13:57:57.803000,1
258,Send Invoice,2006-04-11 13:57:57.803000,1,2006-04-11 13:57:57.803000,1
259,Send Statement,2006-04-11 13:57:57.803000,1,2006-04-11 13:57:57.803000,1
260,Statement Sent,2006-04-11 13:57:57.803000,1,2006-04-11 13:57:57.803000,1
201,Corporation,2006-04-11 13:57:57.790000,1,2006-04-11 13:57:57.790000,1
202,Court,2006-04-11 13:57:57.790000,1,2006-04-11 13:57:57.790000,1
203,Court Reporting Firm,2006-04-11 13:57:57.790000,1,2006-04-11 13:57:57.790000,1
204,Government Agency,2006-04-11 13:57:57.790000,1,2006-04-11 13:57:57.790000,1
205,Insurance Company,2006-04-11 13:57:57.790000,1,2006-04-11 13:57:57.790000,1
220,,2006-04-11 13:57:57.790000,1,2006-04-11 13:57:57.790000,1
221,Bad Debt,2006-04-11 13:57:57.790000,1,2006-04-11 13:57:57.790000,1
222,Copy Only,2006-04-11 13:57:57.790000,1,2006-04-11 13:57:57.790000,1
223,Full Deposit Required,2006-04-11 13:57:57.790000,1,2006-04-11 13:57:57.790000,1
224,No Deposit Required,2006-04-11 13:57:57.790000,1,2006-04-11 13:57:57.790000,1
225,Part Deposit Required,2006-04-11 13:57:57.790000,1,2006-04-11 13:57:57.790000,1
226,Set Depo,2006-04-11 13:57:57.790000,1,2006-04-11 13:57:57.790000,1
230,,2006-04-11 13:57:57.790000,1,2006-04-11 13:57:57.790000,1
231,Bankrupt,2006-04-11 13:57:57.790000,1,2006-04-11 13:57:57.790000,1
232,COD,2006-04-11 13:57:57.790000,1,2006-04-11 13:57:57.790000,1
233,Demand,2006-04-11 13:57:57.790000,1,2006-04-11 13:57:57.790000,1
234,Exempt,2006-04-11 13:57:57.790000,1,2006-04-11 13:57:57.790000,1
235,Exempt 60,2006-04-11 13:57:57.790000,1,2006-04-11 13:57:57.790000,1
236,Exempt 90,2006-04-11 13:57:57.790000,1,2006-04-11 13:57:57.790000,1
237,Exempt 120,2006-04-11 13:57:57.790000,1,2006-04-11 13:57:57.790000,1
238,In Collection,2006-04-11 13:57:57.790000,1,2006-04-11 13:57:57.790000,1
240,,2006-04-11 13:57:57.790000,1,2006-04-11 13:57:57.790000,1
241,Marketing-Event,2006-04-11 13:57:57.790000,1,2006-04-11 13:57:57.790000,1
242,Marketing-Mail,2006-04-11 13:57:57.790000,1,2006-04-11 13:57:57.790000,1
243,Marketing-Other,2006-04-11 13:57:57.790000,1,2006-04-11 13:57:57.790000,1
244,Marketing-Press Release,2006-04-11 13:57:57.790000,1,2006-04-11 13:57:57.790000,1
245,Marketing-Publication,2006-04-11 13:57:57.790000,1,2006-04-11 13:57:57.790000,1
246,Marketing-Sales Rep,2006-04-11 13:57:57.790000,1,2006-04-11 13:57:57.790000,1
247,Marketing-Website,2006-04-11 13:57:57.790000,1,2006-04-11 13:57:57.790000,1
248,Referral from another organization,2006-04-11 13:57:57.790000,1,2006-04-11 13:57:57.790000,1
249,Referral from within organization,2006-04-11 13:57:57.790000,1,2006-04-11 13:57:57.790000,1
250,Call Made,2006-04-11 13:57:57.790000,1,2006-04-11 13:57:57.790000,1
251,Call Received,2006-04-11 13:57:57.790000,1,2006-04-11 13:57:57.790000,1
252,COD Letter Sent,2006-04-11 13:57:57.790000,1,2006-04-11 13:57:57.790000,1
150,Advance deposit required,2006-04-11 13:57:57.790000,1,2006-04-11 13:57:57.790000,1
151,COD,2006-04-11 13:57:57.790000,1,2006-04-11 13:57:57.790000,1
106,Equity,2006-04-11 13:57:57.790000,1,2006-04-11 13:57:57.790000,1
107,Expense,2006-04-11 13:57:57.790000,1,2006-04-11 13:57:57.790000,1
108,Fixed Asset,2006-04-11 13:57:57.790000,1,2006-04-11 13:57:57.790000,1
109,Income,2006-04-11 13:57:57.790000,1,2006-04-11 13:57:57.790000,1
110,Long-term Liability,2006-04-11 13:57:57.790000,1,2006-04-11 13:57:57.790000,1
111,Other Asset,2006-04-11 13:57:57.790000,1,2006-04-11 13:57:57.790000,1
112,Other Current Asset,2006-04-11 13:57:57.790000,1,2006-04-11 13:57:57.790000,1
113,Other Expense,2006-04-11 13:57:57.790000,1,2006-04-11 13:57:57.790000,1
114,Other Income,2006-04-11 13:57:57.790000,1,2006-04-11 13:57:57.790000,1
115,,2006-04-11 13:57:57.790000,1,2006-04-11 13:57:57.790000,1
121,1. Original,2006-04-11 13:57:57.790000,1,2006-04-11 13:57:57.790000,1
122,2. Copy w/ Original,2006-04-11 13:57:57.790000,1,2006-04-11 13:57:57.790000,1
123,3. Copy,2006-04-11 13:57:57.790000,1,2006-04-11 13:57:57.790000,1
124,4. Additional Copy,2006-04-11 13:57:57.790000,1,2006-04-11 13:57:57.790000,1
125,5. Rush,2006-04-11 13:57:57.790000,1,2006-04-11 13:57:57.790000,1
126,6. Exhibit,2006-04-11 13:57:57.790000,1,2006-04-11 13:57:57.790000,1
127,7. Mileage,2006-04-11 13:57:57.790000,1,2006-04-11 13:57:57.790000,1
128,8. Attendance,2006-04-11 13:57:57.790000,1,2006-04-11 13:57:57.790000,1
129,9. Misc. Charge,2006-04-11 13:57:57.790000,1,2006-04-11 13:57:57.790000,1
153,Net 15,2006-04-11 13:57:57.790000,1,2006-04-11 13:57:57.790000,1
190,,2006-04-11 13:57:57.790000,1,2006-04-11 13:57:57.790000,1
191,Pages,2006-04-11 13:57:57.790000,1,2006-04-11 13:57:57.790000,1
192,Hours,2006-04-11 13:57:57.790000,1,2006-04-11 13:57:57.790000,1
193,Miles,2006-04-11 13:57:57.790000,1,2006-04-11 13:57:57.790000,1
194,Tapes,2006-04-11 13:57:57.790000,1,2006-04-11 13:57:57.790000,1
195,Disks,2006-04-11 13:57:57.790000,1,2006-04-11 13:57:57.790000,1
207,Vendor,2006-04-11 13:57:57.790000,1,2006-04-11 13:57:57.790000,1
210,,2006-04-11 13:57:57.790000,1,2006-04-11 13:57:57.790000,1
211,Law Firm-Boutique,2006-04-11 13:57:57.790000,1,2006-04-11 13:57:57.790000,1
212,Law Firm-International,2006-04-11 13:57:57.790000,1,2006-04-11 13:57:57.790000,1
213,Law Firm-Other,2006-04-11 13:57:57.790000,1,2006-04-11 13:57:57.790000,1
214,Law Firm-Regional,2006-04-11 13:57:57.790000,1,2006-04-11 13:57:57.790000,1
215,Law Firm-Sole Practitioner,2006-04-11 13:57:57.790000,1,2006-04-11 13:57:57.790000,1
216,Law Firm-Top 100,2006-04-11 13:57:57.790000,1,2006-04-11 13:57:57.790000,1
217,Legal In-house/Corporate,2006-04-11 13:57:57.790000,1,2006-04-11 13:57:57.790000,1
155,Net 45,2006-04-11 13:57:57.790000,1,2006-04-11 13:57:57.790000,1
156,Net 60,2006-04-11 13:57:57.790000,1,2006-04-11 13:57:57.790000,1
157,Payable upon receipt,2006-04-11 13:57:57.790000,1,2006-04-11 13:57:57.790000,1
158,,2006-04-11 13:57:57.790000,1,2006-04-11 13:57:57.790000,1
160,Credit Memo,2006-04-11 13:57:57.790000,1,2006-04-11 13:57:57.790000,1
161,Debit Memo,2006-04-11 13:57:57.790000,1,2006-04-11 13:57:57.790000,1
162,Duplicate Payment,2006-04-11 13:57:57.790000,1,2006-04-11 13:57:57.790000,1
163,Finance Charge,2006-04-11 13:57:57.790000,1,2006-04-11 13:57:57.790000,1
164,Manual Invoice,2006-04-11 13:57:57.790000,1,2006-04-11 13:57:57.790000,1
165,Misc. Receipt,2006-04-11 13:57:57.790000,1,2006-04-11 13:57:57.790000,1
166,Payment,2006-04-11 13:57:57.790000,1,2006-04-11 13:57:57.790000,1
167,Refund,2006-04-11 13:57:57.790000,1,2006-04-11 13:57:57.790000,1
168,Retainer,2006-04-11 13:57:57.790000,1,2006-04-11 13:57:57.790000,1
169,Void,2006-04-11 13:57:57.790000,1,2006-04-11 13:57:57.790000,1
170,Write-off,2006-04-11 13:57:57.790000,1,2006-04-11 13:57:57.790000,1
180,Retainer,2006-04-11 13:57:57.790000,1,2006-04-11 13:57:57.790000,1
181,Check,2006-04-11 13:57:57.790000,1,2006-04-11 13:57:57.790000,1
182,Credit Card,2006-04-11 13:57:57.790000,1,2006-04-11 13:57:57.790000,1
183,Cash,2006-04-11 13:57:57.790000,1,2006-04-11 13:57:57.790000,1
100,Accounts Payable,2006-04-11 13:57:57.773000,1,2006-04-11 13:57:57.773000,1
101,Accounts Receivable,2006-04-11 13:57:57.773000,1,2006-04-11 13:57:57.773000,1
102,Bank,2006-04-11 13:57:57.773000,1,2006-04-11 13:57:57.773000,1
103,Cost of Goods Sold,2006-04-11 13:57:57.773000,1,2006-04-11 13:57:57.773000,1
104,Credit Card,2006-04-11 13:57:57.773000,1,2006-04-11 13:57:57.773000,1
105,Current Liability,2006-04-11 13:57:57.773000,1,2006-04-11 13:57:57.773000,1
